,A2C,ACKTR,DDPG,PPO2,SAC,TD3,TRPO
0,10000.0,10000.0,10000.0,10000.0,10000.0,10000.0,10000.0
1,9996.702670619788,9999.970153643593,9994.45263272953,9997.185652009748,9986.04224681568,9992.659971364019,9998.352385919095
2,9971.361716853393,9974.511600331138,9838.274726031304,9975.554994945844,9824.920007849692,9852.154978952409,9978.216724344278
3,9915.823078645892,9930.308273027716,9624.23737427616,9922.551193445655,9583.45683629465,9613.843777002814,9934.128527490766
4,9888.301593675036,9904.49509299696,9526.231280391215,9894.093843731102,9487.818770603659,9515.48968187332,9909.250842808051
5,9896.485073947226,9916.76391518456,9552.48359616375,9905.507786142885,9506.451518069505,9554.040680106162,9917.309659421591
6,9918.012964934887,9939.433579329172,9615.390771279332,9931.864478356503,9578.74971164751,9604.363674804688,9940.129471662816
7,9838.919549044174,9850.93061281158,9400.925844924452,9840.767051888875,9363.221561448338,9378.106686239242,9870.63719982079
8,9890.228433039974,9911.215522630218,9544.68030746889,9901.551880865964,9501.465402481315,9522.067674388887,9932.37584719613
9,9785.92544913049,9800.631346456948,9328.41050128412,9797.241927396735,9277.856460720539,9279.512615636824,9841.185941495229
10,9797.10074145278,9815.255073149474,9348.145446586608,9810.546474154193,9270.202712350849,9287.596646061422,9845.266026762823
11,9719.37141398884,9740.137082353014,9204.017186290264,9737.245855375488,9127.07251722908,9097.664850203511,9768.64211893602
12,9756.351452181343,9769.964180543402,9271.029485640047,9775.34355752076,9197.479313488246,9142.888068714139,9800.997015425595
13,9837.779522052566,9834.971069803209,9401.38586844778,9851.981590883805,9302.411508614541,9301.365345531462,9878.510004846476
14,9757.963902353378,9758.38330369776,9270.487555138589,9773.130142479324,9180.116573415755,9154.232421690944,9812.164023393496
15,9866.98137606082,9860.669924573966,9441.003667626856,9895.361328262292,9361.437295656204,9330.785743034365,9928.074801920251
16,9768.77447583049,9779.840648301992,9306.683328999517,9817.340189676674,9193.006058569192,9183.824028563024,9839.015548942922
17,9825.311295704234,9825.46417856802,9390.656274029492,9874.395375096385,9262.628379817961,9277.487204151632,9899.217623400655
18,9973.493732412406,9974.249596840957,9599.51077546692,10030.664705695091,9478.955085683583,9490.661071312905,10059.501683442697
19,9967.601807021209,9969.40415062087,9597.370334151745,10024.891970112049,9477.089486129524,9464.883318962096,10049.1167117857
20,9836.736896411203,9831.367225763228,9405.21377465248,9885.051691809276,9302.356937862634,9255.3116824584,9916.100876977049
21,9907.676682135827,9909.595807949188,9494.711695473194,9960.501376653665,9423.56196877384,9366.950039480207,9990.683499496348
22,9943.589048164697,9956.507857836556,9540.500101407528,10004.930262742315,9474.48739012122,9457.38388485098,10030.692737087402
23,9848.18553787207,9872.069134157704,9418.122779384614,9903.806177041366,9330.323117229462,9366.443919967176,9921.146592754167
24,9771.570629542719,9792.929008373703,9308.785327471729,9815.930141950066,9233.30153537917,9240.111172091008,9868.131873504495
25,9761.720969324273,9783.143480194869,9305.957624771116,9812.704828699902,9223.280832601547,9206.90938586283,9856.008491646808
26,9709.023970320148,9719.702869755234,9261.850391925811,9767.321129685182,9151.502413330078,9118.168382016658,9795.657519443748
27,9583.383744282835,9600.841050580251,9103.084229241847,9636.087088993478,9021.076593994618,8934.437389085291,9689.053382370044
28,9734.720848784267,9758.782139214374,9276.306031046866,9789.932158797663,9193.07338265705,9128.634387214184,9845.29652965804
29,9855.91397490701,9871.16153127595,9404.425989735126,9910.157989932304,9331.301186483382,9270.598379417896,9967.92234650653
30,9999.604795164176,10003.428749330784,9547.513915096757,10044.250701032168,9501.652774065016,9418.540370893956,10107.239928233836
31,9980.318764041967,9987.4374415314,9510.05767693996,10021.83328834261,9489.76368035674,9403.686373804569,10091.999899857678
32,9977.770431325533,9979.013723481376,9499.362673065185,10014.751561255645,9474.82422136307,9377.852375883578,10091.255079548402
33,10101.136747839522,10100.869346192685,9638.099509672164,10134.781268725415,9617.267359003305,9498.356369126795,10211.421509106924
34,10003.526705306556,9995.791130745516,9532.647704040048,10028.384163883697,9500.621190237522,9367.915371517658,10120.083147322966
35,10038.998871401422,10029.947138847168,9569.132864484307,10060.348599815576,9530.084411810876,9399.554371309756,10156.87616839694
36,10156.9461891113,10144.603127243065,9695.648946665286,10173.484402834927,9646.376931121351,9522.665366735931,10270.298348321352
37,10121.903469379064,10107.714147496674,9666.767452006341,10148.262467284205,9614.865627190591,9505.942370478155,10218.271595711909
38,10046.432430342287,10037.338221608972,9596.275870404721,10073.309268319257,9549.269473931552,9442.161374948026,10145.389790344509
39,10239.390272618572,10230.359779889239,9787.278899835583,10280.940289598193,9751.653626789808,9657.361358939643,10340.195109201584
40,10256.72944173286,10252.537259713132,9803.5372065835,10308.053634056507,9766.444860010624,9683.56935353422,10364.55670968238
41,10288.633856486533,10288.527949261164,9830.176724796294,10343.366310934185,9803.126570218325,9720.025355301379,10396.288734662598
42,10310.969119001487,10320.606423799978,9864.034860623835,10371.50865461102,9828.853809509275,9763.18935550928,10423.557163234422
43,10348.319087116779,10365.703326881025,9900.61027559614,10418.689663806506,9886.455264312268,9805.224349688051,10460.68626711454
44,10291.813393456288,10301.361052920734,9844.932824872016,10356.30230147044,9825.222928527592,9711.61635166311,10420.950993196102
45,10313.318073742266,10329.235470024441,9871.794788886546,10392.502446110822,9883.982605590583,9734.293352598668,10455.954006626864
46,10305.366330747518,10328.536474772269,9875.739062280178,10393.94636070324,9879.285664884092,9740.002345530032,10451.871202412893
47,10422.51627795138,10443.691339082923,9998.508826115129,10516.510909811526,10012.76592747283,9866.484343866823,10568.897676988925
48,10434.979878559947,10457.791939284567,10012.503864109516,10529.427271524606,10025.683720012668,9876.691345114232,10585.68257326996
49,10445.069597262644,10465.636464656298,10017.357362071514,10537.9657836996,10033.216530445101,9871.964351974962,10602.862739977149
50,10483.625910792864,10509.9785385775,10060.315524652957,10584.521924630646,10092.143238687517,9900.785356964587,10652.682707315647
51,10571.096260438675,10607.054873432426,10154.699397844312,10673.30629092944,10183.973399035214,10001.40236122656,10734.474079501148
52,10639.749662810551,10677.90021563718,10235.855569237707,10751.358367551049,10253.330941962718,10107.27535374212,10799.266941997792
53,10646.902236614202,10686.934136067137,10251.701886325833,10759.281382258643,10261.014970541475,10113.888348024844,10820.950932440504
54,10622.346185381944,10659.99375377242,10225.634251332758,10741.74113678245,10235.673864977358,10077.756345633985,10803.992564822078
55,10561.064442937814,10599.439993536256,10163.9465134182,10689.363973671407,10163.720500631569,10019.539345114232,10742.024626548304
56,10576.20911555097,10616.481577362303,10168.991319970606,10699.393585133415,10183.399962521551,10027.03434521818,10760.236271834186
57,10590.639657879783,10628.017457079266,10173.914789073466,10705.925540287553,10188.737804585931,10036.464347712992,10765.079335076603
58,10641.226287630727,10686.982026356938,10230.390600325107,10771.62963645581,10235.33880540371,10090.935342619416,10826.901101980031
59,10691.456987477919,10728.733640747942,10272.002875443934,10819.037510763346,10271.218151082041,10126.33934365892,10867.30842826452
60,10686.355900089138,10725.816878857053,10255.642245638845,10805.6045955583,10262.348372922896,10120.625346881388,10863.176478602196
61,10752.475671169224,10798.099524361676,10326.148432626724,10881.16333564574,10309.369607384444,10197.564338669301,10933.796046172858
62,10708.878234942124,10766.627968038132,10290.47717429304,10844.746968675052,10258.161046809671,10157.805331392763,10901.161351756804
63,10612.574699955248,10670.16556648378,10213.133884861469,10743.423904355841,10181.487664587974,10078.000333055974,10817.149103315796
64,10679.18714107994,10736.493594171696,10284.180097979068,10818.190691125965,10260.998221788885,10138.428318606851,10888.151796289922
65,10557.746653677936,10609.142613619937,10175.75276221323,10698.098131973104,10168.7316719954,10011.664320789812,10783.080653553208
66,10575.344954791048,10628.722415224449,10191.13027248764,10711.039475943868,10194.85251377249,10035.779321413518,10802.753087801942
67,10563.966391371736,10617.433475121576,10175.932965667243,10697.968992522065,10176.680956919668,10044.025324635984,10781.25323715169
68,10666.102760305783,10713.470869865645,10274.624074644564,10795.724009551666,10282.83303743124,10141.16232162142,10871.098913673612
69,10790.0800269766,10824.774984162692,10381.512176331518,10914.554718996673,10396.966510947226,10283.789315176486,10971.389938572976
70,10799.503943100905,10836.213546896151,10396.641634225844,10928.134241827951,10405.220854006291,10302.925310082912,10979.437059170956
71,10780.23210022032,10811.682075203207,10374.506104633809,10902.798276770454,10391.389946188689,10267.320313305378,10962.731348727708
72,10860.122186504625,10874.555377488647,10431.260940375329,10963.121287888822,10472.384063128471,10325.67330945921,11024.104492555978
73,10889.419750635107,10899.918414335662,10475.152433720588,10996.942369406472,10512.670802726745,10346.156305820943,11019.682005710909
74,10917.424408435914,10917.34364992496,10492.457333500384,11009.051543498696,10532.911552258493,10395.685308731558,11040.350016387969
75,10878.185192021805,10875.744104912892,10444.269642006397,10963.522117825574,10513.609673176285,10360.789308523654,11016.390410330137
76,10890.44537719079,10881.795912103356,10453.715744707108,10944.48116520982,10498.607826045749,10379.910307068343,11016.599417415659
77,10885.627223971833,10871.762353886184,10439.213456790922,10927.796199204266,10486.877668751955,10360.946312473774,11011.993934041433
78,10892.135507205405,10878.887677771194,10454.129775264737,10935.617470921896,10510.121999460694,10382.024314344884,11026.555086249182
79,10931.832922861777,10912.526867270977,10498.686649051187,10951.511013729969,10563.727257316588,10432.202311538222,11063.255205843336
80,10810.386373165711,10781.07942891571,10374.75469482994,10824.226353871378,10435.528261996507,10298.667317463398,10933.60113667624
81,10757.176470033897,10735.15710471442,10334.86570068645,10774.4693875352,10391.843660606859,10255.25132681894,10876.45271298197
82,10831.097364866238,10803.312620701934,10405.076084528922,10849.106335115746,10455.472891347406,10315.93032203722,10938.591011598135
83,10750.618731049064,10730.567833529109,10331.12058804369,10775.98971556487,10365.012560925725,10225.870324324129,10870.836927391532
84,10695.594864877834,10676.939561351104,10269.551627100467,10714.056333533645,10300.943352653028,10152.211327130794,10816.261939349166
85,10698.333411336618,10671.922034252078,10262.630208990096,10698.6878804957,10311.189309456113,10159.110334615232,10819.580598672663
86,10745.897715190802,10707.75703674363,10297.756276268958,10732.442983042552,10361.76381419587,10195.864339708804,10857.986754292187
87,10723.642261297788,10689.650942917257,10275.79590378952,10711.987608124173,10327.033751185894,10164.177334511282,10845.804680395364
88,10847.509050016472,10818.814493857879,10400.074114220617,10837.702987407529,10456.018527121068,10310.29132848215,10963.502992694446
89,10707.112528396541,10691.23662120188,10280.103580763338,10714.388531290784,10345.50007335782,10196.309332328321,10836.846638831394
90,10711.654156837216,10693.921021425556,10288.077606636043,10721.425017025163,10358.742985868214,10191.61833430338,10841.736071739471
91,10600.027188187383,10580.215372643406,10171.979044662472,10604.928825347266,10250.320667159796,10075.563336798192,10732.262419095827
92,10692.557912749477,10679.863117322167,10273.317983087536,10712.721093432252,10359.080482978105,10173.691328794,10842.118221858243
93,10586.636235295135,10573.022975317372,10160.298458738323,10605.226060805337,10237.090532480002,10081.456332224368,10721.871613103367
94,10579.466574290791,10573.1680595475,10154.410738793847,10596.155098408442,10217.43810537982,10113.806328586103,10704.372154561357
95,10556.143622872703,10517.488997979846,10101.958603190422,10555.39358259914,10171.50954829335,10016.845329521657,10671.133651644059
96,10591.743466806003,10553.206473334463,10122.958811914445,10589.150067857689,10215.47107190943,10041.851324012281,10716.002235626673
97,10579.874125639377,10545.957996652513,10119.133745049952,10585.135246203592,10205.443553165673,10050.475325987338,10706.56643140432
98,10703.602834209007,10659.258551766652,10232.18270602226,10703.980575417796,10328.760347579242,10158.478318918704,10826.424257918856
99,10791.380754695954,10757.96538341828,10321.988372338772,10797.840387071115,10419.190748696328,10277.929308835508,10919.89653225491
100,10775.368038607769,10738.09594081714,10303.537655082226,10774.214536658325,10400.188920945642,10254.030310706616,10905.586940778869
101,10801.282859556988,10763.002827965724,10325.27609332132,10798.10234828063,10426.070512498378,10273.288309771062,10933.062113487857
102,10761.947117301754,10723.306783482612,10280.08259433174,10763.316627301036,10379.297346301557,10230.75131205797,10888.25287520692
103,10759.641704726124,10717.632625431124,10281.398062956334,10760.205105951542,10377.63077214694,10228.61931133032,10886.723998889449
104,10785.384579801788,10746.219087334885,10304.282909621714,10785.214084644143,10408.019072458503,10247.130306236742,10920.027039648743
105,10765.342183624942,10721.026900526656,10279.21596971035,10764.894741807491,10391.936779541253,10207.638308107851,10899.96978461794
106,10827.901731860655,10790.250463099126,10355.863788957118,10838.552428756248,10463.73914598942,10287.628302598476,10966.679111818536
107,10839.655869026868,10802.814555373105,10369.275002902983,10854.105903214337,10488.996674671891,10287.463304365636,10981.181965280313
108,10881.144203960475,10838.732474359267,10410.1570612607,10895.654694408524,10520.957817032813,10315.778297920704,11024.325959819329
109,10870.936811892087,10821.726436913495,10398.168123715877,10883.600530477432,10503.020151470422,10295.300302494525,11017.673178031047
110,10821.673722768166,10766.82931003091,10350.25571670818,10849.869839361803,10447.331347000598,10212.094306340692,10979.941261011674
111,10756.645266828178,10700.257562572991,10289.549838897228,10786.38717483409,10377.485969975949,10145.529313617228,10925.529815082331
112,10724.257847883315,10658.168966261772,10247.62230081415,10751.276652077591,10326.0542198987,10103.390312161924,10896.617538736877
113,10703.789675058051,10634.874477112464,10224.780793426513,10724.15660841702,10299.807761142967,10080.061313825132,10866.548997983393
114,10754.75687317768,10680.213950942243,10269.579746132851,10773.419632150717,10344.964445491074,10122.055299168109,10910.302143746096
115,10731.931609815125,10659.363797799793,10240.98535071945,10744.791775283546,10341.48694493842,10097.748315904139,10885.226111884262
116,10800.016906950576,10736.691598933176,10320.10865555811,10815.6895501016,10422.154679926634,10184.113313305375,10963.553345377635
117,10819.347617865502,10756.555340572888,10340.080679539678,10842.2433376976,10441.397998917102,10200.63431216192,10986.97867839735
118,10795.192719618904,10732.608042696682,10316.724461232663,10822.79986062683,10415.393027396918,10174.221303949831,10963.35087375571
119,10922.334030954986,10868.272692328232,10448.30540986967,10951.70701399004,10552.787090475798,10322.382297297,11091.026676103153
120,10563.663873372725,10481.557676016648,10088.660590066907,10583.714511423334,10176.008510818956,9899.818316008092,10730.235480287087
121,10397.185210625408,10314.372055830736,9926.354309015273,10417.654115041654,9994.946792038441,9732.95732193327,10564.137935525814
122,10542.140945649746,10456.886405927353,10066.055691695214,10559.432052725717,10127.781780932188,9881.015319126604,10708.973826197474
123,10715.417124637304,10630.824605804437,10242.965785306451,10749.533772842851,10303.817515388011,10052.364303845883,10899.042608245896
124,10856.689686690457,10775.162515811635,10383.574167745592,10891.861046724372,10452.792341193195,10210.276298024655,11038.639969585058
125,10867.018143773192,10787.200206603471,10395.617566915987,10905.951905751479,10460.796647666692,10216.515294594288,11048.704960222822
126,10803.029328630551,10713.268607312224,10326.469585686682,10834.68075317119,10384.269599310395,10122.388293970584,10996.365926723374
127,10847.946357018842,10762.666852573047,10365.870483726978,10879.6301798818,10432.525074762343,10171.070281912323,11032.023107029176
128,10835.052351143862,10751.624700486862,10350.484690437796,10861.87141101022,10420.44765771961,10176.625285862443,11012.981552984982
129,10988.270401931602,10908.66184603662,10501.805630161762,11016.050933680668,10588.163698750972,10330.248279937266,11160.356021207588
130,11038.612439962995,10962.886998667009,10555.033179899216,11064.723477276897,10648.959898114681,10393.995280041216,11210.209928434218
131,11100.160913959475,11034.552325381144,10625.33300893688,11143.73836395231,10725.789071101428,10490.600277338503,11273.053974124983
132,11116.55436141502,11051.5360765095,10643.864603715896,11164.374010268477,10735.533063768387,10510.871277858256,11291.41773317684
133,11194.2520739937,11137.623660141377,10735.730787174702,11237.535717175291,10810.901748027087,10625.108276818752,11383.420089579686
134,11193.916156290055,11132.438027257056,10732.37585737562,11239.780282171487,10817.457257874248,10621.060277026654,11369.881650637626
135,11203.897604727794,11149.016728463335,10746.618889217376,11240.668867573577,10831.22651614022,10647.083283367632,11382.192195489206
136,11213.06752950543,11148.62267552847,10757.785862728597,11242.195602794463,10842.716729244708,10648.550287109852,11388.252742958586
137,11234.733301025137,11172.123609822505,10781.91637551689,11272.239596990921,10896.137447274685,10674.385285758495,11418.651341684914
138,11180.598137854511,11122.66611153662,10729.634861460208,11224.37822310305,10834.098884004832,10621.581285758493,11359.120354051689
139,11205.794491023204,11151.872608558926,10755.773300656318,11248.71189113945,10868.707763668537,10653.639285446645,11390.031892336863
140,11163.174199681718,11114.570903828004,10712.546654709815,11201.68772940631,10829.637253513096,10619.110288149352,11355.893262344422
141,11151.778946623392,11104.3163054637,10704.342730554104,11210.035069836926,10841.66926775384,10616.937290228369,11329.381988918762
142,11161.038385373482,11077.972814201643,10698.000171540736,11212.467810842812,10825.938475184439,10620.674287733556,11315.042664961298
143,11139.326902704724,11052.022737329375,10671.469956079958,11181.204205247273,10794.977329380514,10588.291289500714,11294.455771444913
144,11140.050071832693,11045.16671259038,10664.352852796554,11180.025463144717,10804.302101679565,10566.495287109852,11285.012583995482
145,11120.047713723716,11014.273152503909,10636.082335495948,11149.1870434749,10767.613284204721,10546.062287109853,11265.287691205996
146,11060.282765521717,10953.640237168951,10574.064988015649,11094.87638783958,10710.938943693636,10478.85129054022,11205.874551364011
147,11086.608798276018,10982.052594047647,10593.974269449709,11116.116935267875,10735.543178965092,10512.388297608852,11224.362628744802
148,11085.594404574596,10974.885355354749,10592.18718422556,11118.063698933089,10730.179846323728,10511.027295633792,11228.5801666469
149,11203.06575474783,11094.015553009844,10712.18609291124,11246.686377524002,10827.727286378618,10645.62223305559,11362.629593395259
150,11197.525467343965,11085.88541477506,10709.585664964676,11250.07135835057,10825.907370885372,10640.811243450642,11354.273579655792
151,11196.113196730215,11093.00257350974,10712.693295942785,11249.094607809275,10824.028346659425,10647.80124729681,11358.344407033379
152,11179.046033052531,11081.702309326292,10691.459600149157,11226.194043651867,10799.127470793486,10618.355245737552,11345.997624220045
153,11249.997282908935,11152.292892669066,10768.907902338982,11297.581477236794,10877.372280675409,10689.321235446452,11421.513008618163
154,11231.38460466467,11130.638322227709,10753.718423603055,11282.61432352298,10843.664266479016,10662.256238357066,11401.243940907105
155,11266.081408944043,11164.006520996101,10793.163903043747,11329.39211303565,10887.804865797758,10711.316238668918,11437.68235029519
156,11221.256870361743,11113.716396201526,10748.055229850292,11287.467438573403,10839.188829725741,10673.145241579532,11388.488082744809
157,11227.735882973286,11121.48606737299,10755.627548324106,11294.471126381122,10843.334526791572,10677.69623898077,11393.696261036685
158,11246.959686889202,11135.985937993562,10772.481410102368,11306.513835741429,10855.932148511883,10696.867235446454,11418.706179333401
159,11225.520084725118,11104.668925712216,10747.29989903402,11286.757195464945,10836.712214348794,10662.335238253116,11396.078825232606
160,11210.136083302188,11092.057507574009,10735.543965720175,11272.501088719597,10823.833761554954,10653.353236278055,11382.042327460715
161,11223.994933279087,11104.69022648036,10745.944522749423,11288.928218155615,10843.70901136255,10659.852235966206,11396.464072626177
162,11192.547088559422,11063.830907216636,10703.636356369494,11245.245227412937,10809.927232269765,10615.359244801995,11348.557820035508
163,11165.073491574343,11042.141632946592,10677.018906819345,11216.27302497854,10794.471455379486,10607.598249063969,11313.31693503803
164,11133.174979000107,11006.451155539688,10642.084468471523,11186.54199788052,10764.359680212021,10583.22624355459,11278.321646139839
165,11191.250508771547,11068.956570321674,10705.591692347049,11247.417890546238,10829.575658002137,10648.611241891384,11342.357044199367
166,11165.73574073581,11045.43930762061,10676.01312829542,11210.140535035704,10791.035253846168,10638.268245009898,11311.977320615342
167,11136.574494081997,11018.801056447615,10646.518161711216,11180.379825463222,10748.432194455385,10611.110244178295,11286.5961171691
168,11162.52683323504,11031.802637634908,10661.675101603985,11195.310108420019,10759.135379604098,10614.94924303484,11310.246267960227
169,11201.632855386071,11073.25143759485,10704.572898543358,11237.589211259175,10806.028245049241,10657.431242203234,11349.266000421623
170,11222.923535834732,11096.525464015214,10732.474399323462,11269.69303655428,10833.819433839082,10693.12623950052,11371.884888192446
171,11223.893080039883,11100.796068584585,10735.273089346883,11277.615637477506,10834.891027768132,10696.350243346691,11383.229789614265
172,11205.185274460715,11094.103777232123,10730.16370063114,11271.67213011404,10826.76363826585,10690.634239500523,11377.418235222614
173,10963.671116197236,10856.88125919121,10496.833989469524,11021.655969835756,10592.02338153863,10467.908247296811,11141.36028299327
174,11113.623695679651,10992.059736375717,10632.439596462724,11167.068728296426,10713.388159863947,10605.184240020277,11286.51445462618
175,10970.550773137522,10820.208541158148,10472.102893421648,11006.180143351914,10549.359806847331,10444.755254365442,11128.035056452169
176,10960.42552458994,10790.398033553283,10449.041623791218,10997.115737268667,10515.444688970088,10420.706259147166,11102.19754724402
177,11070.437869895342,10888.753348868871,10550.926742024418,11111.964530828936,10602.948393624069,10524.014248440266,11216.378708462023
178,11011.66978862771,10836.046903048084,10492.645508176329,11078.031022108456,10539.222563532114,10448.899249479771,11172.873300663628
179,11001.57382430779,10824.838912792662,10483.089880397318,11053.222040958679,10550.768267683266,10452.702259355068,11155.108408421404
180,11007.49595587432,10830.012309400578,10489.534785253049,11051.984137420948,10552.204503395555,10459.807253014089,11157.56036518557
181,11095.11349162228,10922.398430753885,10587.135676119327,11154.577726567604,10661.489930386064,10543.637245113847,11235.928288647896
182,11157.440232083383,10988.610378324944,10648.73253250742,11217.650356771928,10714.667826678276,10603.065241787432,11307.478813994476
183,11081.63764175677,10919.493547051838,10576.13936051035,11143.952541376491,10643.886849160672,10520.915242411136,11228.325976309276
184,10980.241817552043,10814.575245396858,10474.202881916044,11047.606905764009,10544.247752002717,10411.232250831128,11123.49831813858
185,11061.700781210227,10895.34329665062,10551.530917976856,11130.569008179229,10631.845412996054,10494.256246465204,11204.225462615515
186,11109.44454896132,10943.663985491692,10609.125912137508,11209.905039984389,10699.255619393349,10568.389238876818,11264.08318429147
187,10997.657884780263,10832.582635704852,10489.349948972702,11107.161809528892,10593.588173314094,10443.27325332594,11146.073716518591
188,11101.346305875984,10931.97185997055,10590.343230603694,11210.31891228234,10690.154513852834,10543.119248128414,11254.963197986042
189,11066.224153962119,10901.124436239195,10563.436142596722,11182.430326561624,10672.468983559129,10517.357246984957,11221.837773496582
190,11009.747603939253,10857.948989662736,10515.181119491575,11136.567133297815,10616.876916257856,10485.87624760866,11174.684934570983
191,11069.707693415612,10919.516275995373,10586.692898258209,11206.041184657844,10694.97735062027,10584.633244074344,11243.48017827126
192,11050.368850965413,10910.007126027513,10575.705411197185,11192.923146743413,10680.734990903376,10590.797245529651,11235.052634776728
193,11026.36251381749,10890.489764305505,10555.550955353734,11168.756235272036,10647.516866909744,10590.474244386194,11214.107041772382
194,11067.280728997092,10934.505722545638,10607.064496239662,11215.13104908111,10698.71662679052,10657.440232639787,11259.652009853486
195,10959.0143164988,10807.418956761296,10486.190767874241,11089.406822087163,10577.179239353894,10537.222253118038,11133.796826680149
196,10962.77466721337,10811.804617866776,10491.831927648067,11087.995182307097,10554.876517359256,10532.297255924705,11134.12480751347
197,10938.498164597437,10788.433023992642,10466.803302086828,11059.357683505425,10521.350420393466,10498.00424708891,11103.691816703238
198,10959.491311195092,10809.581438008978,10488.713871132371,11083.758461850017,10539.038863911628,10538.691250935075,11131.297511524248
199,10928.340013374796,10777.092281734538,10452.84386982393,11049.770454640106,10518.974309396983,10503.627257380009,11096.28405612495
200,10970.549571674159,10826.645276900617,10503.992419148924,11101.300303422093,10544.450986176491,10536.800251454832,11128.506860911697
201,10975.480340472895,10828.276302066282,10517.715425189972,11104.648809706228,10564.6858438313,10559.47425374174,11110.687412146226
202,10985.331660205191,10857.037146027404,10540.521504375934,11127.281350487328,10603.233804495572,10557.99825322199,11147.8977623149
203,10969.519618471722,10851.87164403014,10538.522950712204,11137.549937695827,10604.63034756827,10547.397260706424,11136.446628220283
204,11017.438750347841,10896.525525158118,10585.116513077259,11183.391348757696,10658.794440906762,10591.992265384195,11192.088256814412
205,10988.82196893215,10866.003164194122,10557.769512551784,11150.769785703218,10611.354226566791,10592.603252910138,11173.130270195657
206,10999.22651339072,10880.46492195034,10586.258544260976,11159.531098514299,10670.636927758691,10642.487264136793,11190.4530747203
207,10980.23639406429,10870.54589353609,10564.309135738848,11136.26460960523,10649.17399245286,10636.579259770868,11172.70956595046
208,10978.762434781402,10853.579983732303,10549.913362525938,11108.487531864186,10662.388541424987,10609.481285238744,11155.73717952236
209,10975.225339297942,10856.144762768836,10547.780630180834,11101.748153183256,10650.46713194251,10616.94828648615,11153.338591751577
210,10918.060108381384,10806.764948007049,10498.982018069746,11049.536603683553,10608.946954456807,10574.981280457021,11097.467102921653
211,10870.829333934123,10764.329326714316,10452.677908720969,10995.803829941362,10560.641117667672,10522.349285238744,11052.093913569348
212,10842.101639949968,10736.242427643514,10419.785020886895,10966.790214819452,10544.84885035038,10497.107289500716,11014.975312267034
213,10816.053375493017,10712.102169830454,10400.37638017273,10947.157223219883,10524.383602540016,10471.56828544664,10987.907373272756
214,11032.30211013376,10925.463179161285,10615.420659597872,11171.351467435026,10743.896077662228,10704.260272660733,11203.408053546853
215,11059.71479167281,10951.784315764358,10639.04806636095,11200.794023848071,10757.215021621463,10724.863267879007,11218.275972698191
216,11236.049156434116,11111.716242001095,10832.477002200605,11401.624808183953,10918.298400647638,10960.362229729177,11395.078347875295
217,11333.569071600432,11212.127576741515,10959.800826631068,11496.978760047537,11032.53435776806,11145.767221621036,11475.55526720191
218,11359.439119297216,11235.403254302657,10976.34536394453,11505.365318340037,11055.984419572114,11184.332232120036,11500.17927874681
219,11384.711261378008,11268.117921693532,11009.110501158715,11542.854344497813,11051.973099550725,11233.112236485957,11522.9296888773
220,11439.933833746649,11310.17078386172,11055.15812465906,11596.771222593652,11074.4218890481,11275.638235238552,11581.232181423204
221,11397.470323019497,11269.92516910608,11002.009421645163,11557.986864777613,11038.067447976111,11199.302245841503,11543.480811929536
222,11404.691966536117,11294.959137212634,11025.930139104843,11566.933462884335,11039.885951365231,11231.654245113852,11563.17958495894
223,11385.397321885164,11266.853414362502,11006.035240381716,11531.07742953378,11019.679599969148,11225.40425374174,11526.71531554514
224,11439.833289720864,11318.09021149274,11061.70491076374,11587.992436588733,11065.696194678309,11283.91124927187,11584.790127526208
225,11486.018475811066,11353.712269670696,11105.4956735239,11627.691489845845,11105.666103971958,11314.819255508899,11616.883282670164
226,11527.37231641288,11384.344956090354,11145.016690442086,11680.301528501097,11130.505619036674,11346.663256132602,11648.721923047715
227,11567.783253833359,11424.840041831905,11179.420620499612,11717.643540266909,11172.502455286978,11377.509250207422,11692.411054574699
228,11538.3794263563,11404.61389050362,11153.47842277956,11690.14283433167,11139.060423198456,11354.039254469391,11670.209956616765
229,11541.754956555369,11409.595676637258,11162.037301711083,11687.988224183104,11128.87423454523,11366.424250415326,11669.395252617584
230,11548.87859954354,11419.430401387046,11178.648875012874,11692.64426843932,11141.137645300389,11428.344260810376,11663.266295028057
231,11593.031474913629,11453.454480158312,11226.901259776114,11714.294118978494,11172.105099584103,11500.18426528025,11673.814192889851
232,11581.149628475983,11442.311034001894,11211.283629021644,11700.511542713797,11151.55347306323,11465.412261434078,11672.484436402654
233,11614.52716739559,11473.98196618846,11242.568574935916,11729.13576304354,11197.643033805127,11533.317270581723,11713.435880929343
234,11634.61122558184,11493.256308455571,11259.861887645722,11748.721038747552,11198.966738537549,11576.40627026987,11727.736361110936
235,11807.374671425945,11661.438016179836,11426.575448803902,11914.241288428171,11378.009032042744,11747.34027255678,11897.256643300647
236,11828.527089484138,11689.50480610528,11460.426355359077,11938.213074305922,11412.946575310703,11830.247271933078,11915.74131657722
237,11921.60317773694,11787.750719081974,11551.517028262613,12025.722152302857,11497.012252180577,11912.727260394573,12020.112450239367
238,11957.046372192739,11812.253025392649,11573.141351384163,12046.876871826267,11535.646343447925,11901.117255300998,12043.392852935403
239,12029.369940154536,11881.598945474409,11646.484889060022,12130.218802864028,11602.545737827775,11978.281254573347,12128.613406477494
240,11943.886582847601,11815.345804961738,11567.13297907686,12038.340581189255,11523.027231294152,11928.791254469397,12033.613661350548
241,11978.49059824056,11853.2349270164,11601.071277322768,12086.663024005313,11559.53174434757,11981.019248544217,12064.647368050259
242,11968.912956662527,11844.603796607616,11591.025109067912,12064.357035503745,11542.986194924591,11933.647247816565,12051.201600805074
243,12000.696665647742,11865.66996697913,11614.203565684318,12084.262844744144,11588.681928585764,11960.66126133013,12090.072097970791
244,12053.058672367824,11912.950462195757,11671.990011594293,12139.489079892619,11636.19670051217,12032.494267982958,12140.35311551593
245,12030.025219922407,11885.238636762346,11648.16794733858,12108.695237783812,11631.9493094666,12004.027279105663,12114.681253139952
246,12014.77044392033,11875.676115210117,11629.661458612918,12093.031637801485,11613.301224702358,11986.918277546403,12093.781061565845
247,12022.898985808313,11880.673262565613,11636.613570675847,12099.956399560822,11612.297480378864,11997.126277754303,12100.068838325491
248,12030.945677045771,11887.308632676928,11643.320406499384,12109.87512443989,11616.67313160634,12010.440275363444,12106.403953697463
249,11955.954262562918,11816.776995894154,11572.233561352252,12026.825600524546,11540.081135841128,11939.426280768874,12025.257704757318
250,11955.126179860501,11809.681747912444,11558.924780499932,12020.176009621473,11531.501705547329,11913.398283159731,12020.110151009114
251,11916.13197986776,11773.839506626882,11525.282995845315,11974.996469844566,11495.446773642541,11894.528284926892,11975.721992960118
252,11998.706211000172,11853.289781664937,11599.903961955544,12073.987996975447,11584.777454431536,11974.865271621227,12071.195812354175
253,12026.40795757453,11889.773757727398,11635.704149498462,12097.495355080871,11626.198469880104,12018.855271829128,12095.828346900982
254,12010.415160295395,11869.462496066899,11612.120021167757,12071.764878610726,11598.430518290044,11986.472272037028,12077.119796810859
255,12029.955400202207,11905.143762577038,11646.483428165433,12097.268719054922,11628.517007278204,12044.05227037382,12107.088374818102
256,11985.867265053685,11857.181016189768,11600.849138876438,12055.022575715933,11593.547396028991,11988.561261745925,12055.30982203331
257,11971.602423386597,11831.597225251204,11586.852870451448,12047.849231880034,11597.489467782258,11964.254274012088,12034.645207648084
258,12022.39338410786,11901.78096018424,11651.554343804355,12120.553620321009,11642.386273809669,12047.512256236556,12107.25749397222
259,11982.350871903658,11870.099960550386,11617.620945067882,12084.64148885854,11590.409067556142,12003.328250207423,12063.959558296508
260,11977.425254643718,11867.428299056279,11614.52200498104,12087.007474407952,11595.234377899167,12003.779248856066,12065.988499466775
261,11956.45005125311,11823.69137960853,11569.191540093421,12056.315676881486,11566.21725083017,11902.28925779581,12039.934402775683
262,11943.46035727807,11804.829481876992,11549.442147057534,12036.40986497609,11570.205324885605,11877.056261018277,12019.464840180672
263,11897.780158369731,11753.25531873105,11499.31872874689,11978.730523739356,11522.176450779676,11814.683269750118,11963.649985524697
264,11951.797925165383,11819.58539831254,11547.834114419458,12039.918100710904,11564.250483662845,11892.586246881008,12016.31153704435
265,11930.996857734792,11798.64904245701,11528.713394538878,12016.15630676914,11557.083847313645,11874.828254365446,11993.343554024756
266,12003.836832474597,11860.434812266045,11587.94547565603,12075.87425380059,11654.378289383172,11966.336260602473,12049.493046141499
267,12087.585095013346,11942.217760816042,11685.784307707307,12159.51185812781,11756.521746523382,12098.015261953833,12125.177283721667
268,12088.507393778022,11959.888004971926,11701.986326025486,12157.827403827814,11779.703195094346,12137.896260706424,12122.75893338458
269,12086.409971284167,11959.229967445228,11688.760162686824,12175.389037990086,11786.86891828942,12111.817254989148,12131.767450274136
270,12016.916910734582,11888.866719004442,11608.465561601635,12095.72950707604,11717.77320713973,12016.945258315563,12057.633338134092
271,11961.052922911236,11835.829460628896,11544.478886691568,12032.385892345239,11644.750723076346,11921.108252494336,12010.460187294795
272,11973.036846442292,11853.099349974033,11554.046951258179,12019.289410120815,11642.560234093904,11950.577251350878,11993.813534315614
273,11968.953380638815,11855.93077792905,11546.203883975502,12025.406579442637,11631.7720642395,11947.326229729175,11988.828796950384
274,12062.695651394131,11956.627940319388,11655.829435731412,12113.775743250277,11709.14958059406,12112.37722858572,12045.876050347151
275,12054.177897033567,11946.990523840052,11651.763530121323,12099.773219335044,11696.356973148582,12104.749221828935,12040.75950481335
276,12075.825286892763,11961.720750542527,11675.957962893484,12111.310617180408,11721.167757718084,12137.365229521274,12053.786207193189
277,12060.768302095683,11949.903814048335,11658.28790430927,12098.701584178372,11700.3103926332,12082.892228273864,12043.347254147651
278,12130.349561364776,12010.807902930359,11733.182582641122,12165.810196284097,11778.091363989117,12168.507227546215,12105.24482819448
279,12181.820034734043,12061.122664997461,11797.322439045904,12229.997359003577,11846.821805914162,12232.463230041029,12166.097736935277
280,12270.156673593765,12141.853696291535,11883.648098529817,12319.064800908767,11935.015126879214,12337.079223596096,12250.008018996272
281,12313.319658410244,12187.631742810237,11934.367359835625,12369.7232760033,11989.05897490263,12408.2302143445,12291.713293772416
282,12375.222695012757,12250.7684092175,11993.047194849487,12427.075052536027,12043.48367239475,12478.128219542024,12345.930074506
283,12381.955842388445,12264.3295801531,12000.701928896426,12444.349692370142,12072.832917713404,12480.414218502525,12369.6222475168
284,12391.586756020086,12272.192387043056,12017.826632443905,12470.155558541013,12096.378027471066,12500.502217151166,12373.57137096359
285,12464.167589110008,12341.324532978277,12095.25695763016,12528.619638466169,12176.187178108692,12569.015216215608,12450.456120016965
286,12479.173628430624,12360.15630309111,12111.415721809388,12539.675341514368,12199.646485097648,12584.274218190669,12455.794078316638
287,12486.43613302294,12379.990973649199,12130.398563892843,12543.203640767395,12219.816206839561,12602.618212369442,12485.077128586121
288,12495.33960326527,12388.963826781686,12133.514727252483,12555.459201923233,12245.335398537634,12575.974209146974,12513.111085694409
289,12505.911193689804,12393.891671729802,12150.431329726694,12566.751273106638,12252.861397604702,12593.438212369441,12525.731858258589
290,12483.912819252148,12379.611735399716,12128.016179429529,12535.006150532336,12232.015076913354,12576.427212161541,12496.205289350193
291,12642.12694981223,12546.134615657771,12298.98769233179,12700.633295008976,12409.933572408438,12769.545208627223,12643.656567642778
292,12572.826982186267,12489.340138348738,12231.901668486596,12617.035751373633,12341.311739732504,12693.252209978582,12587.783438078935
293,12568.799871396084,12489.635727211109,12226.734254680634,12619.766954925344,12327.524044962169,12705.886204781056,12572.679162241035
294,12541.870189853445,12464.929137486675,12201.664671169276,12595.983854855664,12295.993749335768,12677.125205924513,12543.828564026826
295,12519.676748882219,12444.455137288203,12181.689133202075,12572.962373987117,12284.904639133212,12656.958211225983,12523.423407326709
296,12466.943652476268,12400.739635363183,12133.299459647651,12509.089415143984,12248.942469103811,12611.614212889192,12466.390503511264
297,12467.147155126853,12404.619640164494,12129.264731539726,12506.076881697698,12250.585154844042,12600.59121195364,12475.868321299311
298,12495.528356609904,12428.3700289463,12142.905639914035,12528.548446998391,12265.461169238328,12595.224214968202,12492.547221193654
299,12476.829074615796,12413.96606494539,12129.139758901121,12506.057524784681,12258.096206467872,12577.601230041028,12464.90862948624
300,12455.151636870862,12391.89694836031,12102.90972799635,12486.702922010945,12246.269958685874,12552.158229521277,12447.854364930186
301,12521.829886709344,12458.680297245735,12167.708708572864,12559.711606188652,12303.89324226594,12597.31522432375,12517.273105896458
302,12508.855966288578,12450.066447941555,12158.36444649315,12547.152677668006,12293.5997628479,12604.628229729175,12494.61348054508
303,12490.925698034986,12439.617690227096,12143.552445585248,12530.955372256009,12294.862603092193,12555.98423263979,12489.066330153855
304,12507.991356116338,12448.715215552727,12139.945413135049,12551.609368695554,12300.144122738357,12546.494230456829,12492.290720668409
305,12380.012358955948,12325.116617352964,11987.772004094597,12398.228840026755,12150.819922763583,12345.031232535839,12358.138949191158
306,12365.649921954246,12309.630277922894,11969.823659313679,12372.5204927689,12133.700266864536,12342.79323679781,12323.513214109375
307,12359.40074524454,12307.811325730107,11971.034563990117,12374.540344992405,12146.617658346177,12346.87223908472,12328.633639347378
308,12335.780094903068,12280.508690575663,11933.624988657473,12343.896401595788,12126.19090964198,12280.141240124229,12308.657991369726
309,12316.221692459792,12259.177989229749,11903.592829762458,12319.594161385454,12106.66871791577,12246.177240020274,12291.81841868081
310,12400.515308926862,12341.394968686716,11994.093460742475,12414.349939313202,12187.749224536656,12352.018238461018,12373.363422363691
311,12382.121492906943,12319.883234419673,11976.356106974123,12390.988145038491,12164.096594913242,12326.353235342502,12363.218974562267
312,12409.149260392112,12352.45442546374,12014.816416170595,12429.735940922017,12192.281655437946,12379.690237317564,12391.647575574805
313,12380.367933945276,12318.164278189142,11975.562222299099,12392.095701645234,12162.012994240762,12333.805236382006,12357.585178725678
314,12371.389811843432,12310.540447774642,11963.75250886869,12376.723446294902,12139.623946270945,12318.260237109664,12346.98184602873
315,12398.021057015434,12328.14707604314,11991.002825487134,12406.558398394993,12154.870737306355,12348.868235030652,12364.719019376167
316,12362.666107551873,12298.78237542002,11953.871115197657,12372.951359769138,12110.361002595186,12299.785236070156,12323.017260074117
317,12371.649529643708,12306.160113120268,11969.711536131384,12390.93190034927,12134.528940478325,12315.731239500525,12333.202592710151
318,12375.78677926898,12302.511833103536,11974.692836802958,12383.284349282334,12131.624505582331,12307.473240643976,12340.604802707992
319,12374.692928167795,12298.816438225926,11976.651631361006,12393.926840402772,12123.11488822627,12306.370246673108,12329.197264974131
320,12369.975882451592,12295.39981055579,11972.530712535376,12382.111971453694,12118.133602844237,12291.629246361255,12330.550572601323
321,12335.689645951523,12276.121511980376,11931.324311710832,12343.59858933309,12073.978177228926,12242.276241475582,12307.579783323508
322,12249.90575085526,12196.078553234394,11844.959144340037,12245.928930581731,11990.497375625851,12150.032246049406,12222.123836602184
323,12352.507292412556,12291.661352095449,11952.489026201247,12348.14863518416,12104.282571623562,12266.719244074344,12324.267744810037
324,12301.281167187319,12251.278649135935,11874.411101763248,12266.225845996829,12037.685704269888,12121.962249583721,12277.289718994822
325,12231.516339643382,12177.303692517638,11814.915584257124,12209.559801328634,11966.607769174812,12020.476245737551,12234.354491085158
326,12340.84678820834,12267.065349426044,11924.963820482251,12318.235888769992,12089.01497067666,12132.386246673106,12339.345841939194
327,12316.674397433277,12240.592776736445,11908.166119749543,12282.984928807567,12083.323771754978,12101.785253533842,12320.337502514038
328,12425.799801671194,12357.277829855815,12039.987478603838,12422.195193026499,12205.398670156477,12262.559250935075,12424.732897369331
329,12559.36293449839,12487.809633155124,12191.898478017329,12571.927992806348,12322.65105719304,12414.59824927187,12545.08413636024
330,12548.048405097412,12477.87246533193,12177.571049462795,12568.242420445315,12311.34068949318,12389.098245113848,12542.618111969015
331,12543.43633533268,12486.234780612844,12180.557643682481,12556.521288050006,12334.914018957854,12389.463246361254,12549.912661519895
332,12523.37759290127,12465.53815347298,12162.096145627022,12518.648908007981,12329.302719970226,12360.542248960019,12530.780500114284
333,12502.58570567354,12454.148859526576,12148.682414381025,12516.815493375676,12286.49447066307,12350.241248440263,12512.953922609895
334,12512.1588751567,12474.994792827632,12164.737720490933,12533.413626165058,12311.168112324714,12367.41024511385,12525.206123649632
335,12504.47872492561,12485.432519752845,12181.257732085227,12540.55817798808,12289.596906984329,12383.548235446453,12531.557580217726
336,12489.487796645835,12487.605962816984,12173.328118607044,12522.8971685748,12270.634308984994,12377.445238045215,12507.26066444954
337,12524.12082138053,12507.132278676929,12207.690042204857,12562.247837035024,12296.809578907727,12398.373231912135,12549.078883066624
338,12517.470183917463,12512.66993105897,12214.948037076949,12568.63700265227,12294.375234788655,12385.677231496333,12551.634509810936
339,12497.51275379168,12487.775924753772,12197.479481105327,12540.28214819478,12283.639008185386,12357.481238980772,12535.836351157004
340,12471.171070870772,12464.927650387572,12180.526478327272,12527.74955995731,12240.668833733556,12335.003232223988,12511.036823758403
341,12452.340949010848,12449.439055474597,12168.288470046997,12516.56018961944,12214.567037806277,12329.313227130413,12493.431257484666
342,12432.222659118592,12437.959727524329,12147.638625608444,12492.931045951716,12198.907815890789,12304.603236070156,12461.064169498015
343,12484.128252159458,12485.450832197983,12199.178530010222,12546.498933389563,12272.816063520193,12373.275236693855,12500.904817421626
344,12481.950569340044,12485.812746369023,12199.796678928853,12535.190384270463,12283.911979484796,12396.240233783245,12483.26241689768
345,12262.044330903702,12280.659293571409,11953.469694720745,12305.982783371799,12046.941997640371,12098.206241995334,12234.335649624973
346,12273.643596883532,12304.767135668404,11982.405321542261,12316.852313207082,12000.245735527516,12116.51323274374,12260.206883943862
347,12350.104138478397,12371.683880651315,12061.59663348198,12385.756374251641,12076.14008538127,12196.461233887196,12337.614249303664
348,12395.629621710721,12421.79387493354,12110.41741520119,12429.799056759937,12128.499633481264,12245.25223118448,12380.854921830214
349,12419.124804388326,12442.635020314729,12141.69951944208,12472.243462965625,12147.17074926829,12289.871225883007,12420.289109942662
350,12447.1346308559,12476.451526196013,12183.131781667707,12507.279638781863,12170.258013680457,12361.131221932888,12453.688132665116
351,12475.389157482989,12518.013585389297,12219.895086099148,12534.89578412386,12204.29883117318,12377.560220789432,12473.246785235295
352,12483.035501028206,12521.981904520671,12222.63354386282,12540.873347366009,12205.62114215684,12382.82122203684,12484.689914316708
353,12457.03982103758,12497.12915919929,12181.763328161716,12498.92543372134,12183.68706453156,12311.858222452642,12443.072429322292
354,12460.156647019749,12497.543503016364,12161.433376290322,12466.773620331074,12177.894324322939,12250.338220061778,12420.433939030676
355,12540.11125101068,12572.18402987735,12243.484584746837,12551.325905325066,12243.464681118252,12337.12721850252,12496.32607705523
356,12577.547532622495,12604.225624906267,12283.825826878072,12575.027104121289,12293.736180516004,12355.853216319563,12525.104267759729
357,12568.640105434202,12593.528935371849,12269.145434425827,12562.06885257198,12282.455788932322,12344.31022047758,12515.607901426793
358,12531.179128408789,12571.608464780158,12235.144775651455,12532.977876645136,12246.139120639564,12325.2252246356,12473.515157744067
359,12543.725187559108,12583.25143561344,12259.114621224402,12555.055476840877,12276.173091592791,12347.77423097658,12500.635649223665
360,12535.245817272073,12579.421669584804,12272.50119490433,12555.949738489326,12284.921325491905,12385.857239916326,12504.096572964412
361,12586.752816405071,12647.633353924419,12330.824080094337,12624.041316213203,12339.58086595154,12470.798227546216,12580.135629222306
362,12581.321216457762,12641.244227210113,12311.058776900292,12610.785560057036,12349.777025664567,12450.164227546216,12589.280538833762
363,12615.079444921434,12675.475023778414,12360.810850214482,12643.6897554735,12409.0227058146,12502.892239188672,12619.073426222563
364,12621.829018546852,12692.10991534843,12390.210602093215,12660.932132441889,12426.088966032028,12529.236238149166,12631.623167136946
365,12600.863128710493,12690.126775381123,12378.262971687793,12628.38544464901,12416.845163049458,12515.502240020276,12597.56727840761
366,12573.095291675269,12705.25537290669,12365.119763230325,12601.0298082161,12420.718625410078,12523.429242307186,12551.345761454973
367,12656.584363961008,12780.319580926236,12468.998051740647,12697.633964450102,12511.036176616433,12637.534234926705,12659.533458144198
368,12612.038961384716,12747.019405832185,12430.055102802275,12656.233951759988,12458.54112456751,12600.746226090909,12605.140171844198
369,12580.16377214528,12710.274799132558,12390.66416390848,12620.756771687888,12434.063192708967,12546.170216423508,12580.794660617245
370,12565.564623384682,12708.43097993517,12373.216466495513,12607.038842276479,12423.628078024387,12525.419210602286,12556.726702364916
371,12576.371213918028,12713.848343578426,12368.726217388152,12598.815150782275,12434.383556281091,12513.174209146975,12560.274007154214
372,12593.43507236949,12719.158183053403,12381.804031442163,12625.104294006229,12448.189832583905,12540.809211641787,12580.739711357652
373,12524.578353190713,12650.0997695552,12326.265329386235,12568.451377395762,12390.714558057069,12491.32821559191,12525.998038023765
374,12602.035974076323,12721.50099859121,12405.611678574085,12659.985401820935,12472.426571374175,12581.977219542025,12607.882106408755
375,12509.358833282802,12624.953531828045,12329.967053303715,12583.160811423037,12378.743743675472,12512.470228065968,12540.714885516518
376,12579.038709041888,12676.694077444829,12378.67959874296,12642.584868857475,12475.806798055646,12511.425230664729,12616.283682375402
377,12635.77700013199,12740.601839218509,12451.412047006605,12708.961662160329,12544.295782672169,12621.889228793621,12681.68408856905
378,12623.171411779873,12741.70371242087,12461.416469970703,12722.209304241693,12530.016874478577,12633.542229937075,12682.136907782924
379,12519.900368333809,12642.258525053321,12371.54986101389,12609.167980612476,12430.442712147476,12547.07524095583,12572.138853470024
380,12573.589305294929,12703.142735690144,12420.579777440547,12654.13049308984,12482.029506216764,12583.709240332126,12616.307574272874
381,12573.133376592781,12701.308320034796,12420.523788442131,12646.19023816157,12491.408043906926,12591.470243762493,12613.236626725215
382,12573.96216051598,12698.541488633835,12424.50908892441,12641.295161624696,12496.438311035869,12608.227248856067,12612.292063324725
383,12651.011490464629,12767.791206681162,12492.839162363527,12707.394651752194,12571.45613977146,12668.509244282246,12681.732042013406
384,12665.76223638468,12771.048781115296,12512.387852992055,12724.46596612001,12585.046928378582,12700.706243138791,12703.686479205662
385,12729.103070070545,12827.806269579292,12557.82017852354,12770.094114412244,12638.18593571067,12730.355241371632,12754.470025059494
386,12725.245135716164,12817.202699077068,12555.11734931612,12756.681099242494,12628.792978014228,12722.586246049405,12743.63583034763
387,12704.765505365214,12795.145608620996,12500.283750673294,12712.105587541966,12616.389747139932,12654.073919970991,12695.095318131316
388,12753.991235859634,12821.120706700678,12541.347947915554,12766.86458099625,12667.691783574102,12657.03426660204,12755.676371650094
389,12749.317776905062,12826.433761488426,12532.123960507872,12785.312969683457,12655.161758718492,12643.196263275622,12768.822855378823
390,12730.153298976555,12802.057651411227,12504.470079869749,12754.21901044839,12632.92519524145,12603.797266498088,12742.270504042574
391,12700.796710654096,12758.852857820093,12460.868091674329,12719.717117430213,12579.217222370386,12553.62726712179,12701.800684902495
392,12775.775525621648,12808.602772014085,12537.57138411379,12808.454224784851,12628.388903887273,12648.81726930475,12771.042666855137
393,12807.866752914551,12866.033581448912,12607.052909956456,12796.747337532284,12694.241067438128,12746.87227512598,12834.824806611448
394,12878.694419364943,12929.970172799009,12670.026612620351,12855.597900497212,12754.875091719148,12807.541255479337,12932.337271882705
395,12903.73915573142,12939.198787365835,12697.750671175478,12890.135094407693,12781.482598824978,12824.566251113412,12972.817941409807
396,12931.26424639389,12969.834871671814,12738.505435650824,12921.97692116334,12817.597596206666,12862.948253504275,13010.274239965333
397,12975.45450325883,13008.317790170959,12772.334929252624,12975.85621107426,12860.832845279216,12897.351253088471,13065.154882854456
398,12993.368086001487,13054.989210880902,12802.944776232242,12989.67099929737,12842.814358600615,12912.9742580781,13059.475961686878
399,12996.341790671317,13072.102598958489,12803.078509805202,12999.335119580237,12856.807435507295,12891.331257246497,13063.669776687768
400,13023.03489332656,13099.998599448301,12851.721838090414,13043.509683966666,12883.80626948452,12966.549261612414,13107.51641350816
401,13030.227477180042,13106.337882423892,12880.628687984943,13053.400764028624,12881.389342057704,13007.776264315127,13111.855690986555
402,13017.27483821284,13087.141477511732,12858.154403830526,13029.408509557185,12858.902379188778,12977.315269720557,13086.812621685986
403,12994.709725725976,13070.727232910083,12836.788382058618,13028.887372709285,12807.64602085757,12934.136267953394,13054.581225447082
404,12867.954372723088,12957.273819580118,12714.53884703493,12903.138767992881,12681.839448266506,12797.71227117586,12935.901748945596
405,12891.143669204172,12972.912833518038,12727.026945802689,12905.534207196954,12705.407061962605,12801.826269096853,12944.131766927025
406,12970.375729520576,13047.633024446577,12809.915742384434,12988.41023813007,12779.003368581532,12891.964266082285,13026.98510015215
407,12971.141307247693,13040.17704841359,12804.79695159817,12980.886146227009,12768.003767870665,12903.330267849446,13008.758892075672
408,12992.091259761122,13057.001421141113,12809.836698654652,12985.739133170857,12788.2533054924,12892.966265770438,13009.778272966609
409,12831.582211009376,12893.326498052287,12650.418925768372,12823.179158319983,12607.407073135377,12722.260274710181,12844.152415953835
410,12765.635541593374,12832.257204061738,12601.304870399475,12772.197047417305,12528.548390805005,12698.462278348446,12783.958887311179
411,12786.885606017097,12852.930236189974,12611.49942791605,12785.851380563454,12538.936632481811,12705.897273358822,12787.169811752625
412,12897.968497104524,12960.602830367925,12728.111206654548,12897.71090359802,12664.441797598125,12833.69626868105,12899.092779821323
413,12852.410418676052,12929.733129333858,12684.473763919354,12859.065229814998,12600.94801470685,12792.245271487713,12857.255380593222
414,12834.409100456167,12914.132798371726,12669.582227800845,12849.098843152473,12601.843484132763,12790.110265666486,12849.254512974023
415,12863.673768195813,12934.42465412897,12682.886949648379,12876.778010718956,12623.200159887314,12795.08426327562,12873.730352998755
416,12872.180915616429,12946.486775765747,12688.05086145067,12876.880140264631,12629.301517459153,12784.434259325502,12877.078239842469
417,12900.289862875665,12991.420401521875,12725.01755939722,12906.596085308225,12643.6982040143,12818.871261404514,12893.735802563151
418,12929.19217964525,13011.100135272758,12753.063832244872,12941.262977385466,12678.274490344524,12854.525261404511,12921.291072994014
419,12971.893348907966,13050.469916896547,12794.579434297559,12997.43375462553,12702.777929447175,12896.57125371218,12965.364632271603
420,12986.983862978002,13069.713842284265,12821.797271256924,13022.623312241429,12734.899304032086,12939.287254024028,12990.481380090288
421,12884.503026331433,12958.068776657512,12694.831600659849,12904.362575412431,12627.305642110583,12763.452256206987,12866.998620704993
422,12904.811411647554,12981.570339005542,12716.79504366112,12930.07665733786,12668.178073472263,12790.69225225687,12901.046643646478
423,12902.9478456492,12989.723010032782,12722.01126260519,12918.256996946488,12635.328525024652,12764.109248930454,12883.703975462251
424,12883.528592852004,12977.518149106774,12717.308236410612,12892.206402872815,12627.224378848789,12768.059249450207,12871.089349071299
425,13028.413608933672,13110.490347862022,12862.660117225647,13038.641005250645,12777.302897551775,12930.814240510465,13016.574117785336
426,13073.53100554554,13159.273449217426,12911.512984351155,13093.13419363889,12855.19184485316,13003.466237080096,13085.643619199165
427,13102.027036490019,13177.42244676443,12939.563011794566,13120.1949745587,12890.445105645891,13033.058237184045,13130.419460464827
428,13125.654919237504,13204.983189829776,12977.92822582817,13152.92148677975,12920.678776834724,13071.672230219363,13175.012102457438
429,13175.6019527325,13247.664257799614,13020.011661768434,13193.77800162042,12979.448510444641,13098.230229803565,13217.999843921465
430,13205.921305906753,13276.154431637771,13067.743637278076,13232.093886313203,13026.300627004624,13160.243231570721,13257.592668369474
431,13231.782379797693,13302.658812289348,13089.57393057823,13262.89349892619,13053.62894498873,13194.329231986523,13279.341484717219
432,13241.18797925401,13306.436763043244,13103.966706023692,13276.807177336908,13074.431028095956,13233.761233649731,13306.79108877253
433,13197.037642819298,13266.291993810657,13073.356079845906,13241.18291971895,13050.997023460386,13214.239235624793,13281.81059409493
434,13198.12604350052,13272.57824332302,13070.421725673674,13239.89565671298,13069.96925813913,13206.141240510464,13287.089032206606
435,13172.770443821826,13260.265012478723,13041.129398763178,13221.380577162969,13074.131752966403,13177.54723999071,13263.71490231654
436,13166.236748672163,13260.733937728248,13032.978633613113,13210.609967458,13062.25910042882,13162.12924435663,13248.291135075666
437,13179.526028599397,13271.20925176191,13065.87146929884,13235.974479847757,13067.779931536197,13224.15124633169,13276.668345304191
438,13195.26049053311,13291.208460038877,13089.647993206974,13261.672387467375,13070.107543668986,13245.918249242304,13283.686134784384
439,13203.220210143676,13306.152432222287,13098.607769254684,13269.395019558864,13087.709269304512,13267.697251945017,13293.686908225025
440,13276.017295265912,13378.784817314305,13179.292356138225,13349.400057575249,13172.28992195916,13375.834246539593,13383.302326571638
441,13325.003949301876,13432.804012448716,13224.05908653259,13397.542580239107,13215.64287644434,13418.026248410702,13421.246284888426
442,13337.922955317808,13444.165591528877,13232.01184498644,13402.990511031749,13212.99250207758,13408.76824601984,13425.446310090198
443,13388.546721846133,13495.154938124337,13314.456322735788,13466.764447763991,13284.832439704178,13520.496246019842,13506.163973619487
444,13368.824079869955,13475.13352333813,13287.82468171978,13444.477427361171,13273.195734595774,13511.659246539592,13475.442478331299
445,13369.39230083024,13481.60874393305,13268.73824422884,13427.949154286714,13266.500733625413,13489.554248826502,13451.330749385219
446,13409.542723374023,13516.229786498128,13306.902712961197,13464.873949677507,13309.191861320733,13530.693247475148,13484.474291641347
447,13426.196300439136,13522.296440360302,13327.081898257256,13475.42137798312,13317.082957183122,13548.391254543782,13484.72928323517
448,13414.530324501782,13509.249494777925,13314.155939162732,13451.180174521767,13287.982938895464,13514.976254024028,13459.04783476833
449,13433.192362974141,13525.23983864937,13317.21199778652,13460.768730697242,13307.54562296033,13513.74925859785,13458.812470412824
450,13462.935735547351,13559.82141059491,13357.818704091547,13507.498256767743,13337.484107971432,13576.226259117606,13495.539487344975
451,13503.293677707888,13565.807765172372,13363.08312971067,13527.978378285803,13343.834383244273,13533.09726036501,13519.813798280184
452,13584.702170086404,13663.065859123095,13447.275970137594,13600.838950265688,13420.544121710776,13701.089257350444,13592.688630567756
453,13584.413961437784,13669.091784029504,13435.694704553609,13606.225965038178,13446.962482833624,13683.94325485563,13590.880350899744
454,13671.910245975425,13745.025554801226,13543.184588134764,13697.644612478727,13559.571323280334,13808.146253504276,13707.159596434678
455,13656.672138551523,13720.476563973081,13507.45937935066,13673.561186530404,13553.628328674557,13741.610258493902,13681.676818923277
456,13749.39188563648,13821.126241589893,13625.065218809605,13779.84422955866,13649.9692473886,13833.913261508462,13735.824776973872
457,13707.385598178025,13767.604409477712,13564.83431539202,13733.783868771608,13592.65683997345,13723.692268369197,13682.06147434604
458,13762.169964902097,13802.94753076412,13594.341769639012,13772.024181663564,13657.14533246493,13755.928273150921,13726.356225149106
459,13790.20002367554,13830.642728292429,13590.529763676643,13794.326669370119,13666.368942034722,13763.657312132356,13733.537961720876
460,13732.741190212695,13778.245859239816,13542.404526417256,13694.464348796217,13614.490961637737,13729.967348826885,13679.010058141355
461,13752.768374444006,13800.005014347142,13563.748220077512,13714.296886127131,13614.823452210901,13752.648344876765,13705.779253465113
462,13793.366068344592,13827.881926894097,13596.254289314744,13761.474578080928,13674.938463649987,13796.083342278003,13754.678097647242
463,13824.554054119983,13860.644435959646,13649.511121429441,13797.084786390415,13687.33777697563,13856.066341966152,13797.307521757417
464,13849.448145266246,13880.171512229796,13661.088153983115,13813.631256747754,13693.310038054708,13836.012334793568,13807.027588355037
465,13830.822882998364,13867.571817864864,13656.474565013885,13795.191464823847,13715.991911721709,13836.62533666468,13808.283043887475
466,13852.67404384707,13882.814764605437,13663.797768169878,13799.721220371377,13718.66280153012,13821.952339679241,13821.073437563464
467,13866.271632995344,13880.254493609857,13674.226435640809,13799.999359779922,13724.308846253396,13834.68832938814,13842.009157067845
468,13798.616259852966,13814.445992380572,13604.909302128792,13737.702105341292,13666.321799486399,13762.49133323431,13790.698214148015
469,13774.090811333777,13798.150493963938,13577.552918863295,13718.954817184082,13656.282903466465,13720.551340822693,13762.468770535745
470,13788.382297501505,13816.71520296866,13602.93269754219,13737.59570095842,13676.834589035989,13744.80834477282,13778.949427774869
471,13771.170035102043,13818.91197801766,13590.571348162173,13729.820140920463,13653.739433871267,13701.089345916269,13762.059965167475
472,13691.001985155313,13720.799123922196,13512.794268926622,13642.466457713914,13606.540768614528,13642.850347891334,13689.212125705966
473,13851.911281822151,13851.334755532936,13642.857106722351,13785.206277214409,13752.530278063296,13761.74334404516,13809.672797758652
474,13807.02405236913,13804.372978117719,13592.643066302777,13743.718403550945,13728.670382833245,13699.232343733313,13763.265494100771
475,13851.229537701138,13858.05250266397,13635.998376612186,13779.686466202202,13787.613932529925,13746.729355167863,13792.799316961631
476,13940.158312546377,13950.42578046692,13722.29022807884,13860.100088789153,13868.254894589185,13825.630353400707,13882.641882190215
477,13916.841074153486,13917.047494559623,13689.14280843735,13835.354589153936,13815.718312275169,13785.013352361206,13848.670769405551
478,13925.86990257377,13922.986195893991,13697.194157175061,13842.170226656828,13830.214299274205,13793.102352569103,13863.832073324058
479,13934.909255369868,13938.694425377562,13699.710593732834,13852.455594167495,13842.564064030646,13785.409350490092,13871.273639562243
480,14073.269217554021,14089.083492276133,13857.137557721138,14017.476900053583,14003.7890545702,13947.134346539975,14010.8400335644
481,14119.756445020681,14157.68805105179,13920.602920935156,14079.7194933697,14061.351045321464,14011.909342070105,14066.049142613996
482,14282.521380380456,14342.411408442405,14125.7984330554,14263.162831712805,14199.449796307084,14218.374343005658,14248.874057505682
483,14259.595281009762,14333.099950168033,14097.808633016108,14261.793804290364,14178.02328311968,14207.471336768624,14221.818774234522
484,14304.346748984732,14393.230152114893,14142.968601013656,14285.615067583398,14284.868585595847,14295.414333130359,14268.80962443214
485,14229.379128785318,14312.548921192307,14074.77556398964,14198.733287726604,14189.980697476863,14210.342337808132,14184.21081957334
486,14209.998924585345,14278.375663707837,14053.596888504026,14154.814061004428,14164.475791487694,14172.957352569105,14149.955956755439
487,14228.34504990245,14308.501607017795,14097.967492196558,14185.058550956315,14202.09276419139,14224.300348203184,14176.722214169247
488,14298.59859069261,14373.388093471553,14182.217892100332,14272.580179666993,14272.080618296382,14306.81833988714,14262.494435690725
489,14360.858339297869,14429.225914103667,14214.479197109695,14328.775602194724,14336.773799129964,14333.158331882954,14321.236067793168
490,14421.072980756606,14469.72632425181,14289.63308887672,14391.920848649643,14404.560895817041,14464.383324294566,14386.270445126409
491,14480.842249714451,14524.98629038839,14349.789381855013,14458.773310511711,14458.805921740293,14476.623325957777,14433.273189961585
492,14433.281648316386,14462.700341220076,14296.426086825848,14398.082804091653,14441.469965435504,14448.672335313318,14389.227022040714
493,14526.08857303339,14559.997840564309,14381.370586781499,14493.706329053037,14529.898197013616,14520.31533292246,14492.595396223369
494,14627.016081752141,14660.322066505289,14476.153649754046,14590.92205442632,14613.454769250393,14622.916333130359,14581.162155743144
495,14616.839499657694,14651.234854592942,14452.079423409941,14570.717824689438,14603.917791966202,14583.35433302641,14563.283465770764
496,14613.321165209742,14646.88270788604,14444.34085703325,14570.333514558233,14587.591053446053,14563.995334273815,14550.277761771631
497,14641.919436813381,14685.907898155496,14496.034428751944,14644.261843032791,14622.123765979288,14627.91432918024,14589.8462171201
498,14629.035687759644,14683.415019912904,14474.248233935354,14619.610770819463,14600.775509359837,14607.425331675051,14555.743413061591
499,14626.560179204018,14676.457191874817,14475.61824088144,14616.392410360657,14597.02894268012,14587.047331882957,14550.547847516265
500,14636.607236066218,14696.344356713962,14484.609687102795,14620.727288937649,14604.464286035774,14587.711331882949,14548.322545583516
501,14666.229407495744,14727.58548346468,14516.883199547769,14655.276035035387,14629.783363870856,14622.900329180242,14579.746947600352
502,14599.382742246546,14662.591194538403,14444.289098340509,14582.25816840939,14563.05891105461,14546.181332610611,14512.469369537832
503,14697.172356592437,14731.516016138286,14523.995192542552,14675.508637551316,14692.035259849548,14629.753333130358,14610.461664882945
504,14744.103910024121,14785.849777644273,14567.584000700946,14703.321713208377,14772.515450559617,14672.867333961964,14646.748522921624
505,14806.904564471382,14872.826730351662,14635.411878405568,14776.294405749732,14835.095736305471,14775.341324502468,14695.499674460645
506,14929.44149537106,14972.739435139287,14770.748000562668,14865.884195991768,14981.703177356003,14892.30432512617,14808.431579975935
507,14953.226364980885,14991.238802715325,14777.712586101055,14870.352330102356,15006.399137606619,14878.18132855654,14807.931201391582
508,14981.370864769073,15009.62580483621,14836.257602176667,14874.927635743941,15064.731051183462,14960.575327101233,14834.467174294925
509,14963.956652423038,14995.67229734367,14835.653551921843,14852.802833739628,15061.54641031718,14965.313321903704,14819.934348056242
510,15082.145432770654,15104.35396601799,14968.778555783747,14967.32943266888,15213.222682949543,15091.288318785193,14937.26928215521
511,15189.957569695198,15212.61700574886,15102.782240970608,15081.541864443858,15380.952316605806,15224.139307766436,15047.426672053745
512,15161.47471141824,15184.351237077473,15091.026201056002,15081.897912414668,15309.853866700412,15226.245272319318,15037.371295365381
513,15321.907571248525,15346.522490166743,15268.10731588983,15209.617750406343,15544.927754023547,15395.10227273512,15180.849332000662
514,15282.425928047383,15316.731112700949,15192.070297813892,15184.023878053933,15454.795865063666,15290.389282090666,15118.947412332185
515,15325.410138139969,15350.010426189114,15248.087948014258,15246.864151433723,15452.377804127693,15314.718280531408,15195.97128039656
516,15409.686873662651,15414.704458750251,15332.369627725124,15353.032149229033,15548.508526065827,15421.092280843257,15294.124126964936
517,15387.54538085822,15393.883200506065,15295.523423474788,15333.144877289717,15523.617017194507,15381.106276165483,15259.891521047422
518,15415.120275699514,15399.874034720848,15329.358967966076,15372.746597139392,15545.070459089517,15428.434281570913,15293.118686352394
519,15492.819562398288,15460.976201397669,15425.436105466368,15437.46051559765,15621.927362958671,15536.168280323509,15371.449456816768
520,15652.459526914934,15621.088933646348,15554.06832387018,15600.767638361785,15783.338558909178,15642.622272631166,15563.927625774812
521,15552.941027504428,15493.474407498314,15464.394683363917,15505.930763848271,15695.397386079072,15585.57727689314,15499.517484404461
522,15342.55659734509,15297.767163997141,15234.124836191177,15296.529430852052,15490.20598967099,15374.297287080286,15276.761473450168
523,15353.065882586277,15295.89245093328,15283.172495989322,15286.037532753597,15549.350641415356,15427.969301633359,15259.623985336424
524,15350.318994846686,15290.933992358268,15307.009104871277,15302.35892138258,15570.0923291893,15486.250824177263,15282.721264219368
525,14974.110098036326,14931.673922342135,14903.600740738868,14907.712606262352,15176.701960011245,15049.163610060694,14880.512887862933
526,14312.37927369913,14265.495690383168,14210.075496174331,14244.788327227976,14467.95759990811,14360.867632513999,14215.639850171912
527,14620.550515979532,14567.171927856782,14556.956717935562,14536.065069906697,14857.098322390315,14738.12764228535,14524.63714783614
528,14577.151174184695,14545.069297870588,14549.839414130689,14493.162145576318,14823.136542355303,14719.160637919429,14505.446084414336
529,13982.64622199834,13971.091616008936,13946.741805021284,13928.625314212657,14208.558774056672,14116.206649873733,13942.823638681442
530,14188.417426035845,14151.337569536914,14127.388042859076,14133.444269473603,14444.556452487468,14288.994648418422,14126.873818592914
531,14420.629099670874,14383.623412407607,14371.154389028068,14340.033246246321,14707.018669553754,14548.774642597195,14342.4975147809
532,14441.514551558086,14396.652390256319,14391.678550572393,14367.90045815298,14732.485861255169,14575.426648106577,14357.587775257989
533,14584.107527643371,14522.856896749397,14532.493701063157,14527.29206604806,14888.337923327683,14752.340648106572,14513.052629585352
534,14761.194530489716,14691.743310820131,14731.940321739672,14711.435357362576,15133.45208796048,14984.892636775969,14712.582659499298
535,14773.805486437719,14690.73250263202,14736.153604149817,14722.055359166709,15141.745694837096,14979.020633657456,14738.11621466655
536,14625.886549907158,14548.19091454498,14584.932591900346,14562.645851877718,15035.401820869443,14845.429647274974,14582.575320601696
537,14516.559276161335,14475.467571261179,14489.028259028433,14452.837751866755,14920.972283346411,14758.40765174484,14482.986564503464
538,14622.258127124538,14591.518368628676,14595.971299379828,14529.713707641804,14998.595571287631,14828.325651536943,14555.240009532146
539,14833.235952750463,14786.076379650603,14792.078258203985,14758.03369295959,15241.140203769924,15042.080648418423,14779.457525307414
540,15057.224412403077,15007.861805804561,15018.700708524226,14993.219090272225,15493.945379639863,15279.204636048315,15012.431704128685
541,14868.736556911088,14821.801924545833,14846.536961532114,14800.031840068159,15294.911162819863,15113.570649977686,14841.823406957035
542,14641.379897379975,14613.919091341564,14624.449463623523,14574.555279831111,15092.867824367047,14896.082655175207,14641.71689773785
543,14428.051673377959,14382.570424400219,14372.565663218973,14361.680832403572,14820.479093732356,14610.423660580636,14407.876147720903
544,14397.5294110481,14361.191461626953,14319.781762734887,14356.893781464136,14782.988514631033,14573.638653719905,14413.108949407742
545,14571.27971910637,14535.020737748482,14519.771971777442,14527.162229802168,14974.254726214887,14799.237653304099,14583.318458887563
546,14583.308159798633,14545.042098274123,14521.407848997114,14551.27412615396,14964.464661568403,14816.410654343606,14610.602624880716
547,14551.097323251804,14501.791808567632,14470.807135185716,14507.54176591866,14913.517771407605,14774.838652576447,14569.236304766648
548,14609.510832016907,14554.663332669363,14528.383071824548,14561.843215665325,14981.916151994943,14826.834649561883,14621.918196070803
549,14875.991434264351,14814.147477814424,14791.92824716854,14813.504588703101,15273.464250781297,15091.620645611763,14879.842014338235
550,14795.334132543052,14728.378392096276,14690.189253483772,14747.339432936973,15186.125307876584,15020.70464332485,14825.987786816953
551,14703.684952136324,14634.042567439774,14584.067928084849,14659.796348354204,15037.103758460044,14888.4346432209,14737.581475640214
552,14560.363770981377,14508.774158937253,14424.63119650984,14523.759251615178,14888.233402759077,14712.093649146082,14609.776895467196
553,14607.038555558125,14545.864784424555,14482.582577313422,14577.901590430696,14916.41956046629,14777.531644468309,14642.899537009649
554,14649.619571944153,14585.411485585242,14525.622529369353,14622.842917516396,14951.801067578315,14821.700640102388,14682.132874603038
555,14439.927871634962,14395.572062185369,14331.495609775544,14414.18167967319,14747.764251009705,14617.233650913236,14478.688680303201
556,14476.815866119005,14433.654309417641,14395.911237388611,14462.25528039369,14806.893238733528,14673.513650809287,14530.50460927482
557,14482.74977408367,14420.512319288953,14382.615227371216,14458.897487830898,14812.638404337642,14657.090650289534,14516.825107813092
558,14087.082582360445,14049.55929970575,13952.331172481534,14056.416194073016,14372.59252795458,14201.004656214714,14148.978822121406
559,13834.186124619353,13796.067803770866,13723.903687084672,13818.91065792746,14116.789094738962,13946.088663595201,13899.535930336035
560,14231.779271052732,14189.942090077928,14116.532006490226,14218.553825832903,14581.567922773125,14359.431657046318,14312.570258995369
561,14039.946135676133,14010.94326395088,13909.558298595903,14025.810902876048,14302.3268780632,14119.751660060883,14121.552780377522
562,14026.959452698204,13997.576306910327,13907.236692258357,14011.465350844755,14230.52410903978,14118.484646131514,14091.101273512375
563,14157.172276469832,14142.564712635749,14048.688627398491,14158.280291879204,14462.224084334612,14284.843652576445,14264.058219496144
564,13869.561333620879,13857.788822288867,13772.351282130241,13857.122301260088,14116.058331879853,14009.381665050509,13926.047650662606
565,14085.98569990644,14069.745847495487,14004.418331836223,14083.142241751591,14342.320375142812,14224.880656526564,14145.627539782909
566,14232.006827378942,14219.118277722522,14133.441765148638,14228.010391430978,14477.722685670142,14347.421651848792,14292.810696296969
567,14360.028925353557,14332.128327303513,14278.901208846568,14355.651550735425,14644.446449976918,14506.792651952745,14403.186264533597
568,14037.111478844743,14015.465516324406,13941.485010034556,14029.369246195578,14290.729981564758,14165.553664114952,14085.6961462964
569,14074.459940860988,14043.151184924816,13962.1200249567,14080.979117458091,14333.057724886416,14213.738635008809,14143.843626481172
570,14331.418987773726,14290.605586696533,14224.08089939308,14348.205246232432,14649.561266470195,14499.681631578445,14370.636291366875
571,14226.700288588521,14185.511265174773,14099.995593528747,14235.557895861592,14527.926588374617,14364.41663459301,14284.05116513138
572,14387.446541783018,14339.813105382716,14282.77423766279,14418.17520936512,14751.089820171832,14589.402628979686,14452.996584902188
573,14340.143911208845,14287.652298803567,14203.145318968294,14359.277147265366,14651.849134339567,14474.59662450981,14392.954032026308
574,14470.233167602468,14414.306340183133,14335.194956738947,14496.44152438398,14767.144893255947,14591.291609125137,14514.397043648733
575,14586.094192806097,14533.459219860524,14436.951280213358,14612.455487324805,14924.813913198232,14667.442602680207,14617.4247710042
576,14557.285102825637,14526.384951238668,14445.040370176312,14578.900712578088,14915.341743571282,14611.055606318472,14593.499669003964
577,14498.177177708247,14463.265630633552,14396.183710824487,14517.448255946767,14874.73093706584,14552.739609229087,14525.830376664473
578,14348.96359315415,14320.759710231509,14266.048756525042,14382.366469759587,14728.877011465547,14411.365607254029,14405.734413694356
579,14364.485386472395,14315.013635491594,14258.173814906118,14386.999468227055,14742.423543118955,14370.276592493057,14407.28738109631
580,14137.849832708898,14103.383945229683,14020.571233572482,14175.14514582389,14495.457875354532,14131.356594156265,14259.571763150547
581,14158.905499773356,14128.304126516708,14065.343078557971,14188.673665397393,14566.198111036541,14183.07259893799,14255.968001651956
582,14284.267147507417,14260.253077269495,14192.413304155349,14313.162537310343,14716.690581511975,14283.0946012249,14396.696694989136
583,14287.327458922382,14253.471843941008,14192.904953197478,14325.075665273642,14716.57201231956,14254.2486006012,14414.850371897366
584,14216.857326112096,14176.243787855117,14097.760953315732,14209.594349892132,14600.387369860413,14168.756606838233,14289.745629943445
585,14171.379729469587,14134.67227684593,14035.612557151791,14179.954423813908,14592.79987633824,14107.38461608982,14245.804624667395
586,14064.617611709597,14040.259942138326,13929.842588832378,14062.30032944227,14474.578725311992,13988.021623158456,14117.159679017945
587,14068.45038736665,14023.76228017089,13930.613824678896,14058.374310566443,14503.61014418626,14002.810620767596,14093.780751941667
588,14265.91768660244,14227.647896402686,14120.255693804265,14230.84851587038,14717.251653022528,14189.158618480684,14262.349776922734
589,14311.446656875227,14266.532980905095,14178.583818505289,14303.512463545163,14814.290484032868,14269.713622326854,14306.273573584485
590,14302.310143783929,14270.20670964785,14179.811176619529,14291.737569609675,14810.464565623284,14264.758628771782,14309.41619779282
591,14408.649580082827,14352.232644467784,14302.339811608788,14423.807322882136,14963.300220160007,14417.092616401675,14404.493822716831
592,14532.75142556682,14476.569313650578,14408.537507904528,14548.518216236636,15080.388511544465,14527.556615258212,14518.782175687717
593,14582.683250761376,14526.715335310251,14458.348591628072,14597.628874953823,15081.215564254522,14546.906598314285,14581.06842143501
594,14622.040361328138,14580.108470386447,14513.854348892686,14650.74953244333,15116.187814340354,14590.377598418236,14641.454824393408
595,14508.785585007525,14466.44804235654,14392.507935667512,14536.401504696629,15013.084889548776,14472.493603407858,14539.72099968635
596,14556.600455324675,14526.792020779267,14427.559341558936,14596.304189364255,15041.932665159464,14497.632597690583,14619.88629063917
597,14511.526391111267,14501.321134721502,14400.593685922146,14553.822461876229,14954.265741659641,14458.959604759217,14573.115010624097
598,14479.163531346912,14471.372593379787,14400.327764845848,14517.39116417045,14948.51914351797,14450.103604031565,14511.67174157432
599,14625.390027207757,14625.861034480818,14582.71537729454,14671.705638701294,15148.523533268692,14627.992609956744,14651.994073562493
600,14529.15638680594,14532.586840682176,14464.597268035886,14597.0850061599,15033.351086929555,14519.785611204148,14590.45868878599
601,14569.215746019363,14561.103903355728,14507.799789460656,14634.49723423,15089.568398197409,14562.742603719711,14615.650376084937
602,14512.609455151704,14510.999429346311,14462.888562644956,14569.645864618655,15028.219030014754,14501.496604135513,14557.254854797251
603,14464.345706007007,14472.65563224383,14421.125960145471,14508.87408665388,14972.66704711461,14460.843604551314,14512.780046044669
604,14279.936508274612,14271.057462234156,14194.942306780815,14297.754491047019,14753.885984835624,14194.7976117239,14318.393062759244
605,14456.529991934442,14449.57678800915,14383.4010615139,14486.827850782349,14933.834807324887,14372.309598002434,14497.165223022112
606,14316.222275609913,14303.651587001577,14224.905063462258,14330.43061522229,14807.261436835524,14208.826599977496,14351.890716237951
607,14446.989790784908,14433.38313216462,14359.586106246466,14484.589714910884,15001.274304900644,14352.56558927059,14495.532288295313
608,14535.638738267995,14524.803126888894,14460.541670003413,14557.593965654978,15102.051397456406,14449.904574093818,14578.757423857907
609,14522.257440295503,14513.062736681304,14446.8859384222,14541.465026221174,15113.795900255205,14430.638580642702,14556.65315918781
610,14697.584979807498,14698.857457687309,14655.456123041631,14729.798247288902,15337.824460685732,14659.302575029373,14719.031109103169
611,14769.433776169844,14765.69382532282,14724.403827052116,14767.259454289724,15327.784383869883,14717.477574405671,14766.489650901623
612,14796.387118203182,14792.074849716406,14749.815683461666,14787.246481502363,15354.111838841438,14745.637568272588,14781.3288191378
613,14795.962779159741,14797.856716728782,14760.900556636809,14796.194329333071,15343.818945279834,14754.07157087135,14784.958193011968
614,14795.423379973538,14794.129188368028,14754.752147358415,14788.38981247252,15357.266264631273,14743.6675697279,14779.022549226424
615,14732.296277599087,14731.582976516653,14673.529113501549,14723.265618835812,15267.885896132468,14673.71656816864,14729.03377596962
616,14720.040733571377,14729.531516232217,14655.738327304838,14709.557904614308,15274.55493491912,14646.36157887554,14728.34575711148
617,14683.215255834568,14693.837897832602,14599.485397584916,14652.479741468811,15170.037276744126,14573.562573989868,14694.699225656292
618,14616.684750882796,14610.900048593432,14534.76907041645,14574.676181746967,15132.001057173013,14504.944584800724,14603.481412667228
619,14509.184954411128,14483.646861508854,14350.838759700295,14431.122716470176,14950.631544762373,14311.840584384918,14459.832770340601
620,14505.361691558714,14494.115463444556,14354.890385909555,14432.098642461246,14963.580673266888,14298.109581786155,14478.604682055427
621,14404.671431923483,14381.110553984243,14239.471097346779,14324.97329121877,14830.508603234768,14181.269582825658,14354.089790235124
622,14491.51234844515,14455.995185292995,14304.837614117143,14385.058596889397,14881.871422709224,14234.3385798111,14425.69102313524
623,14337.096565078082,14296.48588037059,14119.989320358276,14210.84564551942,14656.781330147505,14018.350583865164,14253.901026704314
624,14350.39057490185,14295.18585642504,14135.769814627643,14212.602396722306,14699.83453504515,14038.631587607382,14254.603153252043
625,14272.347879816522,14205.352548608538,14044.477904806135,14121.76876738259,14592.368194941999,13944.943596339226,14165.285712925632
626,14295.353236444,14233.550769435336,14090.650507309436,14204.056029940532,14696.300429623127,14054.1215919733,14194.733316369377
627,14331.3823682006,14291.47993724194,14141.499670801635,14247.67887525385,14739.725143791675,14041.252587815283,14285.618165201417
628,14347.88112956479,14310.57700338819,14158.542753231048,14271.25795059549,14761.312315552474,14079.870590310094,14291.899634159598
629,14281.39811506706,14234.508428731417,14074.572703262329,14192.803080431482,14663.078852389097,13988.139587711334,14214.780811339526
630,14405.8964201749,14362.036757624228,14173.763789578914,14310.061558448142,14752.310523808956,14080.308578043938,14329.744571847035
631,14467.73692528284,14413.847772905923,14232.774735539437,14355.693784695857,14826.633954962726,14144.70357222271,14387.262272243117
632,14618.936305095414,14586.925771928984,14424.715440142627,14528.653916554651,15005.237328020808,14359.537574093818,14542.92218970126
633,14699.749029322244,14668.233558012187,14508.217732093333,14602.103128863033,15094.58830594277,14431.417571183209,14636.314293592983
634,14563.860834040728,14531.386981819898,14352.469128048897,14471.249572588868,14949.796833194972,14287.924575341221,14485.83689934875
635,14679.823298239153,14656.640517516396,14482.54910324526,14593.09611881058,15123.903730981348,14423.20656744099,14619.819036650293
636,14714.874570679787,14720.223531029453,14541.920780729768,14640.118731231154,15130.248915487527,14456.352565050125,14667.336829228885
637,14719.58404226657,14716.547214230075,14574.926524560451,14658.152151794982,15173.808335990909,14533.41656816864,14667.488453213879
638,14771.636889065066,14751.17629277451,14606.850481721402,14678.769235200563,15243.000860392807,14559.751568792344,14688.619512452251
639,14785.189558538648,14792.89511563746,14642.71926970577,14716.11067841709,15243.748032958032,14593.551564530371,14720.841831158086
640,14722.246627197348,14727.318527431782,14566.97567491388,14649.77606277449,15186.801715791462,14544.56156900024,14661.113659704924
641,14715.291127344502,14716.495363601894,14565.33770519161,14643.614680359411,15190.78173610544,14537.133568896297,14657.070096572896
642,14722.86050296666,14718.383322014397,14564.604506709575,14647.541356009051,15225.134797260043,14551.391567129136,14656.124714966432
643,14839.923363379456,14831.911579980177,14691.233872608183,14767.029557750897,15342.171474555968,14686.292559540747,14772.755913548148
644,14956.399808704464,14948.606931641896,14783.91767909956,14890.316453769055,15484.30316044545,14754.980548418045,14877.018942230148
645,15007.742388074068,15014.925677636904,14835.898750555989,14951.350913835457,15520.665420349596,14804.517553407668,14927.322673175395
646,14953.599153229548,14933.00353621619,14800.104908248899,14867.448789103692,15415.69502953839,14765.203558813091,14809.172893820205
647,14902.215947549186,14873.190805725257,14723.403432693482,14806.547630163288,15290.032542776346,14705.353545091632,14774.407415800117
648,14949.812842960713,14947.788449565638,14799.288084822654,14893.77603953241,15366.709177696943,14761.388534072878,14847.996829669955
649,14912.347430267808,14902.816189079713,14734.327984951498,14822.515837292862,15325.017957270618,14701.782538022995,14816.31918543551
650,14922.266362693734,14911.157038519119,14716.821733524319,14817.131073193745,15335.243301671504,14663.329540829658,14828.831706612042
651,15009.818013803084,14996.59593687143,14783.54607980251,14894.364598082571,15418.537958275556,14743.346533449176,14917.742210680375
652,15044.784872911972,15030.514902123052,14808.774278090952,14933.756245433313,15458.127820308444,14767.11253043461,14948.275130625092
653,15111.027396325595,15102.297818407329,14891.799605902192,15018.060438167793,15547.641006314041,14852.246526692388,15013.85059338815
654,15086.662680629624,15078.657677330537,14867.880661831381,14989.495432161477,15539.039272882459,14814.137525548935,15010.707754347055
655,15050.788556260477,15054.247293214541,14813.154626520638,14949.426480742482,15509.22495348549,14734.12053272152,14972.153105068366
656,14947.506060770384,14935.168701309387,14692.22257358027,14828.86163655311,15388.775089038372,14595.941531993867,14872.659822103335
657,14875.278945577342,14857.117382158027,14612.782275583266,14754.109081859986,15297.229680660486,14501.502525237085,14798.18673076586
658,14952.892760518338,14919.971799942668,14684.729089060307,14819.102432958782,15378.061128142832,14574.951527939797,14861.011147491909
659,14876.033070043728,14849.270091873803,14586.614433785915,14737.20012661746,15242.653651916267,14489.7485184803,14792.317245736867
660,15104.339898260789,15054.44498432785,14839.698346387386,14952.629451731083,15498.868478503467,14747.678503095627,15004.506022319958
661,15184.154180123312,15128.940765637804,14905.16914900398,15024.845658261538,15584.288483336208,14815.360500912666,15061.336096279858
662,15220.027832732583,15162.783603594837,14968.968387016768,15076.208671867993,15642.366184672595,14886.94048937416,15106.375605805442
663,15249.69242360934,15206.170208091082,15020.731005549906,15108.107709525613,15653.332268530601,14941.704499769208,15148.922927328877
664,15210.1148148476,15156.807641360894,14970.662196681023,15076.199341412686,15644.559221764805,14898.205501120568,15091.992790352326
665,15149.915958175416,15107.452004921604,14907.018710152151,15024.906820461076,15603.3989115572,14823.307501848225,15051.066203372331
666,15214.952361026284,15185.146380417902,14972.9045387454,15092.303845190969,15689.397971522092,14876.054501120569,15115.321548167827
667,15351.786132689318,15310.495302856652,15131.542223602295,15230.78729894255,15838.714877547982,15062.43450164032,15231.700453449186
668,15362.94798248578,15323.284961835554,15133.696434023856,15240.149737691509,15857.695661065341,15056.465505382537,15240.8895354881
669,15399.29875443675,15355.46930231623,15155.159857444285,15276.680893922925,15937.028432695628,15079.613503511428,15261.829968797827
670,15323.443435951547,15273.693784930168,15066.905335462568,15199.280795136841,15846.23521120405,14987.91150631809,15178.659149085735
671,15321.157324971899,15273.51663886203,15044.611070935249,15195.418194832182,15855.69833314395,14952.77650579834,15173.902281967903
672,15285.026872460501,15226.878098166271,15029.92394299507,15150.200470161333,15846.039639513732,14951.109512451172,15125.430809459187
673,15333.888094905276,15279.594449270022,15073.24422212887,15184.888517463882,15807.996537835124,14989.029505486487,15176.855736103316
674,15320.242741054226,15279.573829668076,15076.197899839875,15177.390909278465,15814.66536098194,14972.992497586252,15156.98535340123
675,15291.178502386774,15254.621192606553,15042.898264179228,15150.514110928318,15785.526841300483,14937.421494571687,15121.523337462628
676,15302.864268425305,15268.851636655045,15021.780596207616,15142.954160402684,15789.158537005425,14881.655495715142,15147.183208326165
677,15359.526859676245,15318.752462038414,15082.55694023704,15192.47190524029,15892.404038652892,14929.444500704769,15167.224286302373
678,15377.607790929631,15318.487121393868,15110.701537685396,15213.018015699829,15912.705752322674,14946.837492596624,15178.352794050903
679,15442.612663179729,15408.404729925627,15179.355000727175,15297.649004550034,15995.003998176097,15020.757482513427,15241.362303832537
680,15432.704079418196,15395.951806834282,15190.981348145962,15290.111546111404,16012.587195575237,15033.096491349217,15242.318101018765
681,15401.9415844833,15377.955125599663,15141.45898209095,15264.623773411951,15935.178513450617,14971.666486775395,15223.270592107749
682,15480.627770946292,15469.213808308592,15257.33792169714,15347.61225986956,16056.216528468609,15076.546486775393,15322.897237350415
683,15555.930823181125,15542.370111239943,15358.223182934285,15415.84061777912,16104.200277929544,15215.017491349223,15389.840522926985
684,15721.373780346505,15700.903309739926,15500.137215682029,15574.025236756976,16271.782733108997,15358.181483033177,15541.556736047625
685,15763.954545385352,15730.837177829128,15559.454101278785,15608.59033457661,16353.059164780858,15398.534479706765,15590.655139459874
