,SAC,DDPG,TD3,PPO2,TRPO,A2C,ACKTR
0,10000.0,10000.0,10000.0,10000.0,10000.0,10000.0,10000.0
1,10021.893936872482,10015.04911084175,9971.7,10000.314626938103,9999.524924515783,10000.205089588464,10003.096918048861
2,9865.088658456802,9926.13249018669,9785.979999999998,9976.651315438761,9971.808516390918,9993.413908455972,9963.290077258796
3,9617.404310026168,9713.231211261747,9539.53,9939.564573955551,9907.006936516163,9959.868816402184,9897.850866483752
4,9493.566584329606,9548.503989124296,9480.96,9917.037865861295,9864.659950960724,9940.641163893197,9858.491173100949
5,9480.799716300964,9540.738316631316,9513.250000000002,9915.610837107462,9875.159982613623,9954.248195324992,9853.626750356809
6,9547.513653898239,9636.14862121582,9562.27,9940.030812398185,9901.328869687615,9961.728434537541,9886.872429872781
7,9387.340461387634,9430.690947780608,9331.859999999999,9877.60070951929,9801.436215171812,9913.196077196117,9807.71038558486
8,9571.558920698168,9569.546565256118,9500.1,9931.243572653875,9890.828674675224,9939.36121748772,9879.860461317889
9,9349.160454788207,9393.673856410976,9291.71,9855.852765998095,9767.781055450512,9870.58678981092,9789.817011064359
10,9340.672908105851,9444.423409996032,9314.43,9854.334147822163,9769.736420181913,9877.42905050997,9785.99647811208
11,9174.885182495116,9263.273207759854,9174.76,9760.160147014147,9669.199496945064,9858.566537775921,9718.144110938378
12,9252.236732854843,9347.892827816006,9185.0,9792.24493096607,9686.068706153628,9881.020107813554,9765.5128217218
13,9404.616807036398,9494.4673906517,9324.779999999999,9864.461080783156,9808.51090352475,9879.719227815234,9811.732175981342
14,9280.86304286003,9376.523151741025,9162.46,9794.483827222222,9661.605023495846,9848.902672608085,9747.81470432048
15,9572.343995561598,9592.65793383598,9341.529999999999,9878.839529663146,9782.25558336965,9880.47822910797,9873.727232467114
16,9429.415253477096,9420.295149068832,9248.73,9802.80560426409,9617.797194003011,9832.861242222749,9777.888590315433
17,9523.447084598542,9482.843639039993,9335.710000000001,9853.38622259111,9688.879832836532,9852.908607601208,9834.711584436776
18,9736.572242145536,9717.120505857467,9535.470000000001,9993.620820635671,9893.083760862344,9980.328492144832,9969.03680921468
19,9691.970638952256,9725.461598587035,9502.689999999999,9995.153618161854,9877.53754996959,10000.383392132258,9964.23791102034
20,9538.80477262497,9552.236193771361,9286.640000000001,9842.360624747605,9652.334005695342,9930.319348104187,9820.432174010546
21,9714.709595861435,9666.125592527387,9359.01,9887.53033594367,9771.32867326614,9966.435784405061,9924.571335789684
22,9727.175808296202,9702.955783643722,9419.77,9956.436463164366,9857.136398451827,9933.708295313532,9940.074644881908
23,9596.94249956131,9595.421876125334,9261.48,9876.133699974207,9756.636902984246,9842.111953652879,9820.511513400495
24,9594.195237560272,9514.556667451858,9181.57,9795.479855989483,9597.10471275738,9753.053192208676,9795.40672469028
25,9569.860277070999,9506.51537091255,9168.91,9802.982170233947,9575.974355601029,9772.682461837609,9770.298503333306
26,9514.873756103516,9457.499260845183,9131.490000000002,9756.20751847668,9531.69312467515,9750.392941713375,9768.817884091195
27,9376.857309350968,9296.848321180343,8955.25,9588.080785617314,9316.618887003226,9642.479995083479,9684.046634853948
28,9540.523105316162,9450.187054014203,9174.59,9747.113821268656,9525.232938457573,9775.162968860794,9804.622989137373
29,9652.941158161162,9609.739105339047,9282.42,9881.047799147706,9677.826735289016,9874.57829467461,9896.701062416956
30,9797.481152935026,9762.481591491698,9389.25,9984.86053831878,9860.613698448868,9982.338960854451,10076.312712260307
31,9802.907037906645,9733.307315883638,9292.449999999999,9927.332118934266,9803.350128671354,9984.192696949729,10066.562568568783
32,9766.049922609329,9722.61873878479,9275.36,9909.09742888343,9780.24263554226,9973.806415929535,10062.129356713967
33,9878.775270099639,9848.084894733427,9390.91,10069.060049211892,9923.704938402263,10102.530917968641,10225.704968419048
34,9739.827955064775,9792.18310674667,9212.32,9969.036937257246,9768.926265715803,10004.15978096452,10101.998669133285
35,9768.218541622162,9802.575464134216,9252.09,10014.627244719264,9802.140209928784,10033.555581189881,10146.93152448804
36,9888.560525903702,9902.782325077054,9364.4,10184.511622566164,9948.690397772076,10177.249430717942,10280.219128841152
37,9859.784636621473,9875.029640197752,9356.93,10159.280948157882,9962.467020222148,10151.922556293832,10230.527752227194
38,9766.132775392534,9778.625403213502,9305.189999999999,10085.10830587891,9894.04739862473,10059.063928078827,10142.818370850313
39,9984.797724552156,9960.844969644546,9560.779999999999,10275.301984088985,10145.537233052566,10274.342589744967,10327.437186195011
40,10016.774535703658,9998.950447359084,9569.17,10299.750048908054,10143.600589725203,10286.514363202123,10357.383769980155
41,10001.227330789565,10031.778480138775,9591.42,10311.979996219607,10201.002840140623,10286.192159574073,10376.248475109154
42,10028.524696531296,10054.226228199002,9646.0,10365.461727379809,10250.509516541599,10307.94853682876,10405.166286548963
43,10071.28324426651,10149.401031513211,9639.91,10377.5564572063,10258.028262842647,10309.317676475981,10487.383725749838
44,10001.860143642425,10069.996342954633,9553.949999999999,10333.856781298102,10157.34740894252,10268.727217700743,10422.771039485498
45,10061.505771479604,10067.360640945431,9606.46,10314.048808575644,10147.079461566891,10286.100229315425,10506.069138601622
46,10065.963182029725,10068.112126388549,9626.58,10324.407149803808,10160.560463658174,10297.457344862152,10528.248395435243
47,10171.97234218597,10167.174005270002,9745.0,10446.483991151319,10306.952097437637,10433.577794565192,10635.088894407309
48,10171.634688806533,10182.52446708679,9741.51,10467.046984755703,10303.571514213545,10441.714292763365,10638.4927662972
49,10185.13083392143,10191.673318309782,9739.45,10476.887164626798,10299.67902904832,10454.624643493635,10635.447789763792
50,10214.203277311324,10217.27704216957,9745.38,10512.125172060321,10323.151229620216,10505.50175869242,10691.917968045747
51,10304.629946804049,10276.918781976698,9813.27,10568.043661022934,10417.144155810971,10625.010047571739,10779.616469068738
52,10394.133486595154,10370.990252046586,9944.07,10656.674154186163,10535.231735416814,10680.030554925544,10838.774939347135
53,10410.82150141716,10398.678613967895,9911.25,10701.7802286297,10550.34754134332,10729.976415578243,10846.241936779394
54,10401.152429685593,10400.181765623094,9864.38,10701.702881756255,10507.014917636861,10709.388581543046,10817.800026464754
55,10333.206884679794,10374.08851650238,9844.68,10666.657314216067,10441.076183976209,10580.539652440142,10722.311947181053
56,10331.70225418091,10376.172221794128,9821.56,10637.117557837337,10442.15307526843,10620.07282631435,10768.265899256423
57,10329.07351234436,10374.032439842224,9825.11,10621.02100554868,10467.614659608556,10628.73051522829,10780.20474300268
58,10345.17630077362,10421.866133537293,9895.54,10689.986761588041,10513.885830212173,10684.503046329959,10829.74231012328
59,10372.591988725662,10423.236422004697,9963.49,10729.010310066615,10570.806207843752,10727.807340590922,10870.02104491863
60,10312.231174888611,10359.049792490003,9951.59,10702.375823309292,10576.557339382762,10757.018392147724,10893.767820076613
61,10358.608049249648,10426.916436891555,10046.849999999999,10767.817434735945,10652.32125505812,10825.84022631169,10933.564216481485
62,10301.75886870384,10399.164781045913,10009.6,10751.987215142857,10595.808951711819,10772.396352478865,10899.374336163737
63,10264.77987329483,10345.793487958907,9925.56,10679.067405663372,10501.18998132785,10674.020023429546,10821.504935557017
64,10375.697381639482,10433.654329328534,9986.079999999998,10758.433791181216,10555.764500645042,10752.981205969494,10907.13288948567
65,10317.823976268768,10336.559191808701,9846.519999999999,10657.038625309251,10418.780071652433,10655.967338172724,10819.327082383512
66,10335.709490299223,10344.897971458435,9875.71,10665.494970540352,10434.979684009488,10695.150787733948,10860.1812138563
67,10300.490655336382,10336.655609455105,9885.78,10666.075913006658,10447.76566012488,10657.77107558381,10834.990298133253
68,10402.611288604736,10439.239758071899,9993.34,10772.695318591417,10556.972372779113,10728.41814531386,10949.812588161249
69,10493.691131868361,10538.293173456192,10129.66,10914.192805009194,10725.783878014583,10806.90120067537,11053.124618074302
70,10501.832262096406,10558.149823999402,10166.830000000002,10948.736667896854,10733.125740605232,10805.748404688093,11057.167697875822
71,10492.362941970825,10551.469458675381,10101.08,10898.401465524814,10698.5709815221,10798.395291300347,11043.554008216252
72,10566.941773576737,10629.56934146881,10132.06,10944.815726478515,10766.701963720707,10882.659439987541,11136.653708466576
73,10644.041177253725,10710.614498519895,10251.519999999999,11026.152112267733,10780.163602316672,10744.873215491776,11121.550645171783
74,10627.387260971067,10718.013698348997,10314.8,11076.904383667083,10856.13986344727,10785.897541311911,11176.385887636658
75,10613.79209927559,10671.036349077225,10234.36,11022.280558976356,10831.186786682925,10800.817935104675,11154.885930947645
76,10591.29298942566,10710.233085613248,10273.81,11050.731684716538,10869.41161655524,10782.68324561373,11179.1330995542
77,10576.167548627855,10688.805129117965,10258.4,11038.941053075876,10851.169398385187,10805.646888601934,11176.078186137429
78,10566.91367749214,10701.908885011671,10278.380000000001,11038.555027923558,10854.690665712462,10835.864974445556,11196.122294343832
79,10640.836315975188,10762.339312763213,10254.109999999999,11026.686307171776,10923.916023413969,10909.9932254728,11249.166686914146
80,10548.651537151336,10659.065303745268,10146.425000000001,10918.265091199626,10793.117386344693,10748.141938681272,11129.677342986457
81,10521.611734037398,10630.161801223754,10092.080000000002,10835.033223274919,10751.303356234535,10650.666613991265,11071.210507180691
82,10585.977209186552,10696.815766534803,10178.31,10903.631307294601,10830.387300437234,10708.469397490104,11119.971706736735
83,10511.198094768524,10616.486869745253,10111.740000000002,10810.24670026087,10738.928423791345,10651.293871238235,11017.467297763678
84,10448.439241209031,10563.376858148571,10036.23,10740.756877305852,10661.028364267984,10631.465431641867,10965.471370453246
85,10456.07392982483,10550.706750631332,10021.320000000002,10698.531948514701,10661.636745139895,10685.085049947429,11000.51935160242
86,10505.735904693604,10597.586703186034,10032.599999999999,10743.640971672172,10701.172810967799,10715.216799466913,11032.204149380694
87,10489.135065221784,10595.928565883632,10006.93,10729.940749365138,10689.717992568045,10718.32118297585,11001.043480386106
88,10609.857977247237,10716.378891382215,10126.819999999998,10867.084299131675,10816.256871869185,10846.24433074341,11128.182516919494
89,10532.100005655288,10579.277425727843,10039.539999999999,10756.692604525173,10659.07692540866,10744.937826013493,11007.12668349502
90,10577.09586544037,10590.256886396404,10020.5,10745.631190993197,10646.079224642584,10748.632358154064,11017.648359675626
91,10467.29374856949,10468.200562896727,9914.740000000002,10651.65395365772,10522.571008365689,10665.43105493546,10905.12759768198
92,10573.678759689332,10591.441899805068,10004.34,10762.107813546552,10623.577147742595,10781.508495332333,11008.837944479
93,10482.111001243593,10500.560478353498,9906.720000000001,10659.051163243288,10523.26938535837,10649.29243242535,10882.2128636269
94,10454.221137886047,10483.829772129056,9991.41,10720.172451731347,10523.594850547977,10604.031536517623,10847.414409806492
95,10413.370043878554,10499.721648702618,9879.88,10652.955984930964,10522.451421870239,10513.462771027567,10814.242644836098
96,10419.046017656325,10515.595506315229,9879.94,10693.513858262831,10576.181515419421,10576.747960480185,10891.849197936723
97,10418.94720550537,10499.655179386138,9900.99,10682.58462649145,10574.719196984193,10552.739770488659,10870.020788422742
98,10527.897992820735,10593.543521394728,10016.2,10808.567311243534,10706.015378270009,10676.042921568673,10986.705124642996
99,10615.999068937299,10680.17214162826,10123.75,10908.765222142347,10781.911813688317,10817.246385932785,11097.616050122831
100,10575.474780731198,10664.524950761792,10084.14,10889.17879266561,10770.434324007949,10837.232983805421,11070.96829669916
101,10601.737166366574,10683.302661457059,10103.369999999999,10917.137297803283,10787.784750178347,10856.71115087084,11104.286658571094
102,10530.285351400376,10609.095681772229,10063.220000000001,10869.014359168383,10752.34753893669,10857.402682225626,11063.568674892203
103,10550.294388027192,10628.660579175947,10074.77,10881.144295058408,10738.167190496051,10825.140538467087,11061.580537688105
104,10568.512563333512,10694.591518583295,10080.809999999998,10928.340818193417,10752.516080523063,10853.721498503754,11105.745836668528
105,10561.998234796522,10706.757481899262,10026.289999999999,10880.990738642373,10723.11745411943,10819.738494745005,11077.273150667252
106,10677.888637132646,10800.033384113309,10098.05,10985.453555921027,10795.998471263323,10836.02564576957,11132.189020940694
107,10704.8959527874,10809.864971132276,10092.08,10985.356337439427,10791.144566222792,10885.754459466147,11172.661775245375
108,10738.789955987928,10884.324145469664,10098.869999999999,11054.011930717388,10831.850059504472,10920.204549534204,11209.358021892009
109,10738.45082060814,10881.225958042141,10092.02,11026.466633313605,10819.655323582181,10902.526465833293,11181.690008557041
110,10676.893838710785,10806.60966409683,10024.57,10936.73191185751,10774.35129549943,10873.737989132364,11166.879621449221
111,10610.150059318541,10741.651867179868,9963.79,10834.442899533073,10718.771491166142,10846.565367414762,11127.130330698576
112,10600.207194805143,10720.34835869789,9880.25,10745.674532569583,10712.355341013468,10810.183558232073,11072.471642095996
113,10563.121622390745,10705.216279373168,9850.36,10725.229398941705,10699.02851446407,10756.01988269433,11036.813575828513
114,10620.868694200513,10768.856412696836,9886.019999999999,10835.364863042618,10738.237678901842,10793.82411838233,11085.651229888947
115,10584.96812865257,10718.82743126869,9835.439999999999,10746.326324542026,10710.260312003931,10812.697301365059,11077.905457290068
116,10676.489136810302,10790.50548675537,9907.15,10802.213637806854,10780.129528248273,10912.388209162982,11159.365699945802
117,10701.782199020385,10792.771414690014,9934.01,10829.680892941216,10812.45208938203,10931.423635117631,11190.84574608223
118,10693.214768981929,10802.31191019058,9892.45,10833.457536717886,10793.712224157585,10866.552015361296,11164.593143763268
119,10824.406060447693,10914.618845558163,10044.470000000001,10974.5582259293,10919.897288758048,11029.841265180738,11310.593819116764
120,10474.965903587341,10595.880702924725,9656.66,10554.244503370384,10611.548997667333,10563.729046891103,10913.590707554771
121,10332.459514703749,10480.54862598419,9488.82,10372.567356299842,10484.683854976372,10325.58958010457,10728.426547550525
122,10476.510522584913,10638.981134176252,9624.660000000002,10517.24165074476,10603.217642358497,10473.543554589669,10836.845370372605
123,10668.046082468032,10806.324596004484,9792.240000000002,10731.629077222506,10760.610779300046,10677.54317120019,11052.189731110419
124,10828.67002026558,10938.882758951186,9930.040000000003,10882.714364369522,10887.274579818419,10867.11289413675,11201.954835805815
125,10827.75885099411,10956.458326520918,9909.34,10893.204585492545,10898.03935283176,10877.3298408376,11214.699738857456
126,10782.187304248808,10904.65143702507,9821.640000000001,10786.124933072188,10833.32861161706,10846.787097923081,11173.967218206957
127,10822.705353507996,10988.762666912076,9846.84,10897.31767250345,10870.829426552134,10873.137567407297,11179.198632223355
128,10796.886884708405,10947.92115429878,9857.130000000001,10877.170698073292,10867.518608187222,10864.769528155883,11147.359128873402
129,10941.733709707258,11086.088104400633,9997.05,11018.752887583832,10982.84394502598,11005.655002324986,11294.124195879835
130,10995.310972967147,11121.877515172959,10058.86,11050.282037964322,11022.03106296032,11071.413240601341,11345.00258877766
131,11067.349871263505,11143.844440860747,10173.210000000001,11126.665797325531,11090.224012254104,11165.787701788913,11412.903849880291
132,11068.780017890931,11143.585977926252,10195.34,11143.808972693096,11112.189384015706,11215.06365065045,11442.031842777837
133,11132.95189435005,11180.22089755058,10329.77,11208.508642402672,11190.793132226383,11333.176169533874,11562.524704991845
134,11143.684428300858,11204.23095263481,10312.940000000002,11217.57739418567,11184.529071287701,11300.847368543367,11538.934291686885
135,11137.020621738435,11202.95311647415,10345.769999999999,11195.893482005979,11174.298808411984,11293.441999763247,11557.83489088964
136,11163.183626823424,11255.683303403852,10363.34,11188.708757803595,11192.468995494135,11316.165154178063,11543.190358387948
137,11192.829347867964,11253.861843538283,10365.59,11209.355631307446,11193.12121122631,11392.33235297165,11579.454935112235
138,11138.958065319062,11223.242796974182,10322.920000000002,11166.247178109295,11163.500791151626,11311.863339555406,11509.598122403098
139,11166.382749958035,11239.381471109387,10356.05,11188.966239677304,11180.81704955263,11402.061341918328,11549.66831302233
140,11115.75855899811,11176.0130923748,10307.529999999999,11118.755697438282,11132.270405259786,11370.783789265673,11518.8656530541
141,11099.715437898638,11225.793536710738,10247.599999999999,11136.033317434203,11073.916347470664,11291.444322961193,11512.981353510626
142,11084.056470108031,11224.352614030837,10257.58,11217.880275797668,11033.78287922241,11227.29281987756,11492.931803045556
143,11033.52644042015,11192.320608339309,10256.69,11206.113946532094,10991.018256231484,11195.083786080924,11469.905233849879
144,11064.92229970932,11202.980056180953,10227.759999999998,11201.700196413516,10973.714962257056,11160.3421649339,11463.41808618351
145,11013.50258580208,11170.24163843155,10209.16,11156.327027388152,10937.382058622044,11134.49929926745,11432.204575319496
146,10985.949914274215,11128.690788402553,10139.970000000001,11094.64070220274,10902.163468014762,11094.272401573133,11371.33896268497
147,10978.676477823255,11119.787785634991,10194.21,11102.084575201501,10931.86819593084,11105.193129937046,11396.575717513544
148,10973.120656623842,11104.769096622465,10195.88,11114.920317909055,10936.97506139278,11156.709687257182,11408.967712894428
149,11088.392939710619,11246.202684612272,10324.89,11551.888560901964,11036.111823074429,11269.770362509855,11541.435330770555
150,11086.178401880265,11230.233524522779,10332.17,11517.220781829965,11029.512486012143,11221.110800000053,11522.695283375735
151,11079.932823991776,11219.223634395596,10339.0,11501.571739898667,11030.13072839507,11208.373000756872,11520.972684339713
152,11036.901032505035,11180.565338802335,10304.27,11463.514397185787,11020.574370154905,11201.474931778455,11529.80190250004
153,11124.638364973067,11242.29461027145,10366.619999999999,11562.812231904913,11095.286063852478,11293.607475016333,11608.556175465086
154,11104.184088430402,11246.494019346233,10353.34,11544.501910160641,11087.131450506158,11248.875700988467,11579.3748049264
155,11133.269514055251,11252.715249357225,10401.93,11595.005917262779,11100.882826829804,11262.641498027995,11594.454487201816
156,11076.972699480053,11206.375375909802,10354.6,11553.937844507893,11058.143018534382,11215.829021040196,11524.69531645481
157,11101.278842649459,11233.609543704984,10365.039999999999,11578.122835400078,11058.879669737962,11182.042277212475,11541.718478279112
158,11122.567469024658,11244.535958337783,10386.77,11606.364197855934,11116.138663034917,11238.614936824173,11586.172256714173
159,11105.112429037094,11200.837043094632,10345.84,11577.107224474148,11066.287765418634,11158.155469108553,11538.08004346861
160,11087.673819103242,11192.819321956633,10324.07,11567.950579536116,11051.150605998673,11160.248979632292,11522.901283695532
161,11113.209241247177,11196.602173595427,10332.84,11569.85246419822,11060.274084957364,11165.278575930513,11518.959885485969
162,11093.724205589295,11132.662284049986,10296.52,11497.26063500532,11049.036854255031,11109.6210012865,11466.932424462646
163,11084.157857255936,11086.243030977248,10299.66,11465.947558214264,10999.763950249271,11085.832586165958,11423.64966559743
164,11074.009049568176,11068.453477029798,10270.589999999998,11470.494953615675,10969.69223447805,11057.06633252095,11391.536534189623
165,11140.493606739044,11135.490690526964,10341.77,11530.028109251229,11031.744936731207,11147.479311526002,11465.723224018557
166,11091.803043260574,11074.638694114685,10356.78,11501.218719216746,11006.297635175011,11135.578523779246,11418.033086919306
167,11042.494518880845,11040.048032007215,10348.400000000001,11489.569453549842,10978.011938479927,11109.082534125739,11374.024526144722
168,11065.606884822846,11053.11934574127,10330.81,11490.746795582894,11029.855216215,11129.132092623484,11396.467976123631
169,11106.176054077148,11098.59060596466,10381.22,11534.928985066756,11045.968369101212,11151.472872055392,11441.313968117713
170,11149.513224906921,11139.730612134932,10419.42,11558.283612794887,11072.18903925579,11242.144044467355,11479.524714162711
171,11127.507230672836,11097.912541465757,10433.33,11545.115514987903,11067.10349494908,11290.813901082236,11474.6526285686
172,11135.14405277252,11099.089076089853,10448.81,11526.951555659705,11028.26651970991,11199.898802891928,11487.28353229854
173,10909.98154255867,10874.16863265991,10262.64,11318.53122454726,10802.953512658216,10960.19686150297,11260.715524378968
174,11032.22887951851,11001.859153375623,10388.02,11465.323637798325,10961.988656873431,11123.864994876305,11390.823506656907
175,10870.108936929702,10830.810240688323,10243.34,11324.237068830778,10820.210874059936,10944.980494026087,11244.31359497134
176,10835.81481526375,10816.410338487623,10250.669999999998,11322.969900201195,10786.22092697148,10868.369611167009,11201.308469148737
177,10923.93074664116,10909.620472764966,10366.18,11482.314757567281,10876.475337593873,10999.306874766942,11287.072522177677
178,10858.709583911897,10891.079992437364,10285.32,11407.2343538534,10833.815559803788,10939.797077011834,11221.715478372324
179,10866.013937654494,10866.159345769878,10277.080000000002,11335.751017702753,10834.502059415616,10958.551508884315,11228.916895343957
180,10873.876285114287,10868.328343305588,10291.84,11372.359522191557,10849.185821909921,10951.17157557893,11237.181893822932
181,10984.553401002884,10985.710294294355,10346.5,11472.67337046278,10946.295931604893,11042.193788923953,11355.67347280192
182,11033.540064382554,11052.058423748014,10410.87,11556.42074093443,10998.164168661942,11082.807422570695,11421.295886086968
183,10960.11323123932,11000.457971696853,10313.51,11500.632973041096,10928.286189703755,11010.971403092473,11363.245794088736
184,10865.341591300963,10902.523020353316,10201.71,11388.6086679547,10807.302188349811,10930.634842111687,11281.855021331956
185,10946.752965660096,10987.29326399803,10274.330000000002,11461.956861680383,10885.112896067963,11069.634268172302,11357.968414656216
186,11035.958707532882,11121.44961400032,10309.2,11523.133067562438,10925.700375439317,11158.434938491948,11398.740213325746
187,10895.116559619903,11004.896277885435,10147.42,11348.182319505078,10788.293471938921,11124.040225414108,11270.14616593402
188,10992.964611911773,11120.42205675125,10260.33,11440.080243708648,10903.60208209197,11205.96576746642,11363.984250753281
189,10977.303467416763,11098.162044019697,10238.699999999999,11435.70449199424,10863.270337315686,11136.677942165243,11357.244737036091
190,10903.820810737609,11064.540529689788,10229.85,11415.068587490252,10781.432952668078,11052.876139730248,11294.500728740593
191,10990.487791004181,11133.266393032072,10331.44,11476.368923212673,10833.115811361848,11106.55253868248,11376.214246925485
192,10984.177503461839,11119.123458909988,10335.300000000001,11448.123847868825,10800.782588785949,11109.527279599042,11362.754692118024
193,10983.624769525526,11095.39085377693,10371.98,11442.197238276018,10774.84360954265,11063.016680590172,11340.756044090514
194,11050.677182674406,11154.81968729019,10451.93,11556.489466064431,10792.68577530942,11154.117084081878,11424.561009077594
195,10922.90090358734,10994.337911691664,10354.38,11368.192173293315,10684.552372683593,11009.617657680657,11278.357592511948
196,10898.50844812393,10988.321387281416,10369.33,11360.445822329903,10673.905900190797,10987.539194676237,11267.449184695168
197,10876.372653131484,10978.942279005048,10320.4,11394.41626249478,10648.169658245819,10947.680880783755,11248.187262741581
198,10878.586304340362,10972.743232612607,10352.26,11382.947701905823,10665.176565887583,10985.819952391641,11272.144075628443
199,10868.4240790081,10954.43664656639,10308.5,11323.85657532309,10644.15298576045,10971.777973000664,11245.889259184727
200,10865.578833436964,11044.396734580992,10339.15,11410.389875597944,10660.395684622436,10840.428287029521,11348.493767694534
201,10841.86143532753,11053.485557746886,10366.599999999999,11426.787382124357,10670.017621969495,10763.732330538885,11381.737168259067
202,10826.7343784523,11042.42505738258,10425.49,11488.89034273549,10693.722279114107,10757.999624143351,11386.993057031583
203,10798.327010269164,10997.934723358154,10446.96,11443.55429581388,10685.574502322339,10703.321972192336,11398.883422240464
204,10847.720077924727,11029.096268272397,10469.169999999998,11434.562016472808,10755.215705883857,10732.784047685669,11445.328056732407
205,10836.289065494539,11024.99075758934,10483.699999999999,11523.663792374797,10684.38222534922,10732.721855134774,11480.711677766069
206,10910.424951972962,11072.990506772992,10484.900000000001,11433.403831491834,10688.401503214956,10758.749665802228,11543.015689769847
207,10882.838030147552,11045.00960980415,10484.86,11452.710768371142,10651.68506591536,10789.370489162911,11508.318409318339
208,10861.39607491493,10978.401938352583,10484.279999999999,11293.492126183946,10663.754867091255,10814.057306763489,11492.005576598516
209,10837.917344579699,10949.232255067825,10526.77,11293.208315560138,10656.845556066026,10877.422281531053,11512.521511524814
210,10821.86110739708,10891.231758556365,10496.85,11297.064399441992,10621.879974495349,10848.624425821412,11495.629854441942
211,10789.700891132354,10843.742528934477,10442.130000000001,11226.410152032442,10613.188838707152,10803.853220430123,11428.336502529019
212,10773.89782643318,10821.703648719784,10393.58,11164.986865687733,10601.716439233738,10783.537749740588,11386.053867388147
213,10736.73313416481,10812.198160696029,10348.309999999998,11180.436303571974,10551.319349334228,10746.646319083678,11354.551488128222
214,10956.11029838562,11044.841961565015,10565.03,11412.667715075751,10755.588535022764,10985.873001308399,11603.835658040127
215,10983.986698246,11081.310213336943,10598.05,11466.555600991687,10787.780909609233,10989.022298510032,11618.76494944134
216,11131.645797071456,11326.429217519759,10861.189999999999,11851.462548636558,10833.489584531068,10984.963707639012,11846.84767212833
217,11193.811967210768,11466.402051200865,10971.510000000002,12041.520421908786,10872.057082105019,11164.655104592772,11986.897035680835
218,11167.852542114257,11438.44451889038,10992.869999999999,11993.62175540677,10911.976374492031,11195.757796906784,11991.731922904195
219,11126.052483491896,11480.120624399182,11107.740000000002,12021.279215720511,10850.413656667544,11111.36699713062,12025.418629860005
220,11172.091544351575,11467.734067010879,11183.38,12043.38113646223,10944.200959751075,11189.091793406264,12055.387550938729
221,11094.40198636055,11386.463894777295,11108.48,11901.076647387363,10902.644630995948,11204.20836440708,11983.974855867662
222,11098.385289897917,11369.724498414993,11167.86,11918.451927554674,10896.301507876347,11234.362982565272,11977.01752937276
223,11071.898448820113,11309.249408750531,11157.37,11840.809331490465,10888.668607683374,11268.13851818304,11951.980064870477
224,11103.329299182893,11367.415123119352,11216.840000000002,11913.983233333443,10911.710120329724,11371.801685313243,12014.691872801053
225,11113.856548652648,11422.880471229551,11208.8,11904.154807282157,10933.215179183042,11400.8395554785,12026.710232734018
226,11115.306533803938,11481.466922235486,11242.93,11951.94520185671,10940.92119617222,11367.549689843909,12054.982969157427
227,11172.81891787529,11515.79972984314,11263.910000000002,12017.103926241984,11002.41214939283,11436.748606529492,12109.987053354082
228,11117.542920455931,11448.551406450268,11235.519999999999,11967.46752807512,10962.172546626234,11503.468371953773,12082.655538923727
229,11116.899352836608,11497.647612295152,11219.06,11988.725809081037,10949.374740305875,11432.299211619902,12098.22228352007
230,11112.13967077255,11496.551548604963,11336.929999999998,11916.674247707717,10912.837037577387,11353.03258856516,12064.410624008025
231,11141.729288234712,11552.97997123718,11454.94,11906.628344035063,10918.411506710367,11221.55685839589,12099.981389768574
232,11143.477470226288,11557.167929334637,11408.39,11933.84441520146,10920.932633133258,11245.90446482639,12107.596373856633
233,11186.52609424591,11524.100972814558,11518.650000000001,11897.958374616122,10895.113546137443,11265.715296587941,12128.010674842848
234,11177.922303009034,11530.006754169464,11569.539999999999,11922.304836064193,10907.985309264986,11297.411189347573,12126.349218103494
235,11306.420854387283,11641.978830947874,11695.91,12013.916297181462,11098.569164955234,11544.600610111687,12284.210313368545
236,11322.891919965745,11648.0943533802,11812.82,12024.000302091901,11115.84154543373,11593.61396046761,12309.225656491042
237,11433.873238706588,11722.001977205275,11900.940000000002,12171.65147843077,11237.30100917917,11666.037698482194,12417.454937263876
238,11543.875427236557,11823.605833435055,11872.349999999997,12195.886244697338,11284.22670866336,11656.358620778728,12482.351327617194
239,11585.279063186648,11894.249885311125,11937.470000000001,12234.72507509223,11319.993925278102,11828.342539736213,12525.245664135793
240,11474.40760468483,11781.950100793836,11912.25,12200.21300007983,11223.007727733591,11798.185485145483,12438.203222711261
241,11512.32256260872,11827.994552001954,12011.76,12262.680061824687,11223.535969621025,11803.711429886851,12476.94581037127
242,11527.141560564043,11835.169870109556,11967.759999999998,12256.984305777018,11256.190462105526,11742.908877327325,12500.500779051083
243,11554.831957683562,11815.488854522704,11975.789999999999,12216.482780696366,11301.007092547674,11770.17993598703,12539.966369974925
244,11572.982936172482,11848.00107362747,12056.93,12201.352412771794,11333.014962103533,11832.00055139284,12566.08643478857
245,11562.875535011292,11818.248932495115,12029.47,12114.085221445845,11314.362681074568,11806.078594377743,12556.637463207848
246,11585.752375192642,11809.338370475765,12001.94,12117.070751619256,11317.756508829023,11800.517324856775,12567.025350880955
247,11586.374994945525,11835.947435359953,12018.779999999999,12132.60010683275,11309.776566761768,11780.229878110098,12567.010696561
248,11579.91549604416,11836.099190387724,12031.95,12164.049168918124,11326.545332210248,11801.41051579948,12563.799810058004
249,11506.583975152966,11752.520752325056,11969.460000000001,12076.202945266503,11260.616996856612,11725.28008648287,12483.413066666124
250,11503.263329448699,11744.893967695234,11926.13,12049.86859112247,11267.474977987968,11743.10683325182,12476.814390041569
251,11481.737960939403,11710.249819564819,11918.079999999998,12015.534767258829,11241.24203965513,11682.053505679478,12442.868052532998
252,11554.029820976257,11796.487925062178,11974.8,12194.966839470408,11273.401721895596,11740.70703483786,12544.558611588276
253,11567.041331825254,11809.114409160613,12004.02,12205.80351519152,11290.114770713095,11813.799273823308,12582.53820716851
254,11558.691885881424,11785.79858935356,11978.789999999999,12196.567139713234,11264.5061294715,11786.537520964848,12575.498448522885
255,11566.843294668197,11773.66924498558,12039.289999999999,12247.437066682123,11292.954777858717,11831.772335506337,12591.481935521542
256,11526.233533582687,11751.20942167282,12006.39,12290.562960642643,11266.86768267326,11746.539166893099,12554.271490706078
257,11485.131417036057,11741.201629295349,11994.019999999999,12194.844003081538,11250.066344993107,11646.152661004397,12523.552035890769
258,11527.123347015378,11783.005294475553,12068.4,12349.424149551605,11301.083053138276,11778.372539043534,12577.176724704643
259,11494.358458385468,11750.278531808854,12034.9,12368.27931933417,11269.183818614074,11782.288716040808,12535.673643989488
260,11508.999884672165,11754.566089134212,12032.27,12369.768416327524,11260.892392805168,11758.445767894047,12541.358429420885
261,11479.02232875824,11730.140044050215,11901.25,12236.472889873674,11239.17165076261,11795.183518691616,12511.17389975842
262,11480.669122991563,11682.478836660383,11891.289999999999,12235.59834218449,11263.731662587934,11741.108847691672,12498.64117794804
263,11432.108927917483,11635.48219218254,11804.65,12148.057616631751,11247.75451567727,11721.475225624104,12431.806323433691
264,11509.151299562453,11731.626745033262,11828.109999999999,12345.277270530676,11255.734038768614,11896.070946992742,12526.480164537845
265,11468.630501146316,11705.658998661038,11813.289999999999,12268.071791658836,11250.403332701315,11895.037281216193,12491.862816739316
266,11496.131614589689,11757.155518274303,11868.17,12308.63851425237,11242.672598799383,12149.191101162542,12563.037233919942
267,11605.504952020645,11863.470776214597,11983.589999999998,12308.704873756162,11297.994490253504,12276.738668189304,12647.603855142708
268,11619.666181316376,11890.088226852413,12012.570000000003,12313.80888664759,11298.528309970543,12269.749627299436,12657.58576538417
269,11633.468468999861,11915.109592981338,11972.979999999998,12354.060108754476,11295.281227208467,12231.211126508091,12662.629809770777
270,11528.209630393982,11844.562782917023,11886.849999999999,12289.760114023751,11205.193342963998,12121.466445984519,12590.706338473752
271,11477.882424364087,11795.527742424007,11792.74,12304.650552987076,11159.03680998065,12028.145716843283,12535.442039763258
272,11468.225268592834,11781.664175519942,11885.35,12280.540338839659,11216.090904173767,11988.721310678846,12518.397754924701
273,11482.446027545928,11778.842574720382,11893.57,12441.74292517803,11218.40311879326,12024.708189764893,12540.901009487645
274,11537.271924495697,11821.740675745008,12122.94,12563.705883477545,11297.687379136132,12084.190559237277,12623.788567233356
275,11542.952742128373,11802.822782363892,12109.16,12631.036738456552,11304.597300460913,12069.512247753119,12625.9525233189
276,11548.239714288713,11827.313578109737,12107.32,12586.383018969362,11326.12836358806,12167.411882896999,12636.665106138822
277,11534.17830259323,11791.825129871368,12082.719999999998,12554.590660009377,11357.72966408357,12076.640198648696,12625.82601930943
278,11607.030988559725,11861.560259561535,12175.85,12592.031585170615,11415.759146447766,12068.871708203906,12709.561060200975
279,11666.888349485396,11921.192560853957,12226.239999999998,12606.581001588098,11452.435936938926,12141.007322122805,12748.755286097357
280,11765.57740166664,12013.210653314589,12326.42,12720.944695154867,11553.849540329891,12208.201028354366,12836.648002540074
281,11795.173710756299,12077.197338943479,12405.27,12822.21624584778,11595.04149098721,12241.265098253316,12901.731345977818
282,11863.067936649322,12168.66154851913,12472.729999999998,12832.857028261935,11641.284884592575,12322.347051513918,12976.303416576233
283,11890.45820347786,12165.110705509185,12463.090000000002,12853.322467184578,11680.438904163037,12333.873532393105,12994.064889370118
284,11911.041377525327,12154.003180761338,12495.05,12868.83648425973,11683.077368896247,12313.377873651065,13003.72435808917
285,11987.415593967437,12274.75197725296,12567.979999999998,12916.441444024435,11750.183845677822,12317.943401921964,13082.41759531691
286,12015.039021520615,12257.581665792462,12578.37,12904.00052919521,11786.262772097381,12306.053229606723,13086.170907720252
287,12082.397457256317,12303.821326971052,12603.460000000001,12942.62395859561,11827.82194565194,12346.962581319636,13128.149869853301
288,12097.576336784363,12336.868628625869,12550.9,12960.605052904104,11832.819435381014,12359.24029313711,13156.205988567897
289,12107.967002744674,12383.627776899335,12572.93,12942.231409777318,11848.623421120035,12282.31770794926,13165.631284187124
290,12096.000804042817,12369.655630836483,12560.95,12936.256614474569,11837.809747177364,12279.875112896983,13147.900260146314
291,12284.902004938123,12553.19124243736,12774.01,13108.018581595486,12029.081627631858,12371.90973396567,13307.46017016375
292,12238.519277687075,12488.209754228592,12690.010000000002,13009.737034172254,11981.158760106331,12307.000500153727,13259.452028966492
293,12218.534379940033,12486.885866765973,12722.73,13057.00227344989,11973.232323035112,12279.656486757225,13256.706386606804
294,12189.230421199798,12468.749805126188,12685.79,13002.439708203661,11939.46797839635,12268.99149708924,13223.584480680467
295,12170.89287806511,12450.562860383987,12646.500000000002,12956.553731621569,11923.619624612815,12273.393571449049,13192.540069736591
296,12140.283385152814,12399.522232379912,12600.920000000002,12912.01065436444,11885.907234394706,12202.562233425951,13168.34141794186
297,12178.510183134076,12408.870502471922,12632.970000000001,12931.675413194813,11907.521820123391,12139.807209727593,13195.214085676338
298,12196.035784387586,12427.252797918316,12627.72,12909.71218812666,11959.193707967055,12176.359932406818,13200.74904424707
299,12179.60353038788,12424.560231904981,12614.099999999999,12788.261294824548,11943.211626215127,12054.383012874252,13183.813956198597
300,12145.744267988204,12404.670186071393,12591.52,12783.795721266337,11904.608729235706,12013.833780095554,13179.513937602469
301,12233.411520414353,12507.449530410764,12642.58,12875.571051394407,11964.663955939011,12028.071540964967,13261.667941867512
302,12189.54939200401,12484.94978855133,12648.61,12807.132538659493,11946.837898987076,12079.839799154825,13243.19737954129
303,12210.1093948555,12467.405639171599,12563.39,12785.865187284415,11964.423911761605,12033.740926710196,13203.512760106705
304,12225.134248552324,12450.339399662016,12543.77,12792.977368560945,11990.464451513784,12045.414828747415,13181.893076277725
305,12114.256893224716,12325.739487056731,12328.44,12657.056346646312,11891.460261289487,11940.066989288533,13030.939239625657
306,12080.520194272995,12320.671349678036,12315.46,12597.25517522774,11929.593477030117,12006.385621039473,12984.457303896657
307,12086.232363624571,12295.690960006712,12317.81,12575.752747714881,11913.091043124263,11994.577610700631,12975.191434927392
308,12054.420118646622,12253.483124389648,12257.58,12568.736995108191,11902.605490206732,11948.855638928617,12949.186823179289
309,12040.77905488968,12240.842636346815,12215.349999999999,12563.149354207579,11857.895408404705,11958.00747687889,12944.850826967431
310,12106.180721940991,12310.965166187285,12345.260000000002,12651.048303633992,11950.576564099782,12012.992303752651,13019.9344770948
311,12097.675648469925,12287.544269828793,12318.589999999998,12646.940259765302,11934.99320971965,11989.677132473938,13002.361866878076
312,12113.174847106931,12340.310880804058,12368.75,12659.585931480296,11966.599182316337,12003.96513749441,13036.408845113709
313,12064.423542299272,12277.888510503766,12315.3,12628.358803571977,11955.667427346847,12039.345495356374,12994.478863403836
314,12046.65633199692,12277.758213291165,12295.510000000002,12606.090539623581,11924.845943797729,12062.672014936412,12988.701056122238
315,12068.475273542406,12316.377172288894,12313.689999999999,12645.037129384811,11928.007368480385,12076.41435266172,12998.76395031406
316,12042.004529037475,12294.48873843193,12272.1,12598.419467651593,11872.90083412559,12015.81596269933,12948.570748755505
317,12051.073418960572,12319.788961496353,12294.560000000001,12573.042535457582,11875.028565838144,11989.184682528503,12946.614591483727
318,12044.769735860824,12339.599605283734,12265.74,12573.28440084356,11877.772515144057,11972.73741582123,12962.547094475185
319,12021.106487665176,12339.061227102278,12275.2,12507.165343738912,11862.767654944537,11923.511316626047,12934.972511218919
320,12016.610801877976,12351.550552978515,12239.42,12517.479713334375,11844.770047417309,11900.422224624732,12953.36051584922
321,12009.306907434462,12309.38839623451,12214.92,12525.512987450427,11798.869278554685,11892.108715741462,12928.465731383429
322,11914.855690078735,12227.362178344723,12102.529999999999,12450.31285692607,11719.426073129333,11784.396892025297,12876.941853068385
323,12016.318991708755,12341.195632438656,12207.119999999999,12547.794273124196,11826.510022855357,11871.342717205562,12992.83970908949
324,11931.552828812599,12285.39929566383,12000.660000000002,12488.174329468862,11768.571940846603,11857.817645773866,12987.41887186572
325,11886.383631505963,12256.904934625623,11941.869999999999,12480.952106568766,11713.42593456405,11547.516394091821,12957.087948985325
326,11951.97008652687,12345.051342716217,12095.97,12540.770616467695,11889.906867624082,11611.9328277005,13054.128424354369
327,11942.77915014267,12329.27789887428,12058.309999999998,12482.905502893433,11870.70591340105,11544.773346756227,13026.366570064476
328,12078.770259580613,12466.105030221937,12250.71,12594.296182263075,11989.175487173452,11614.13484640536,13140.448390551413
329,12159.62178061485,12619.421578779218,12435.17948850632,12646.794314006149,12068.200379948272,11662.795883494891,13221.24103419259
330,12111.788824682235,12604.01424609184,12393.140571393968,12726.420097640033,12019.92023094234,11646.623505251386,13190.152826282187
331,12127.642841634746,12613.062299194335,12358.431361351013,12725.824403505949,12040.319688421181,11695.252705306684,13209.005054019404
332,12127.337042770385,12615.159568080899,12308.916779675485,12695.071146102797,12021.874097094807,11579.64946113286,13212.91035560958
333,12090.10944261551,12569.768728485104,12353.096779675485,12692.569536689623,12014.395578165251,11538.84579053474,13162.130864224597
334,12113.82867237091,12577.556023178098,12354.676779675485,12726.06757532495,12036.920408571184,11603.957463268913,13160.702406927247
335,12138.503983507157,12590.293080501555,12382.546779675486,12842.171462350438,12027.393652941148,11603.236352071888,13130.514045416585
336,12128.909050998687,12574.051779985426,12375.546779675486,12832.748319157763,12015.664003923337,11594.345267219072,13138.440290391476
337,12170.188177528378,12616.634388046265,12429.276779675487,12911.333265372838,12040.992506768605,11453.968703988021,13179.051511935111
338,12176.718840436937,12646.30263349533,12448.116779675485,12912.392376446678,12051.758655111411,11361.656377732881,13179.019144676637
339,12139.526875658034,12629.330604038236,12412.826779675484,12840.255315849288,12040.126450084366,11301.494743822192,13142.75340892874
340,12101.778312368397,12613.975080938339,12442.796779675486,12895.806223094492,12028.081425117338,11242.98224338082,13109.676243026383
341,12103.736431522371,12618.646046476362,12435.336779675483,12942.971071276843,12001.411741451035,11185.99249783901,13091.559190852067
342,12086.12359769821,12585.665354585646,12435.106779675485,12844.515754610702,11985.654638653223,11160.946590574807,13043.562965075436
343,12162.1152780056,12657.17105638504,12533.716779675484,12850.671374690633,12051.690829458938,11220.360303156498,13068.77024507848
344,12180.844232501984,12635.61043609619,12559.556779675484,12889.606710269625,12018.940884344753,11320.333284202496,12984.297868934793
345,11968.244862031936,12490.073418722151,12197.536779675482,12681.795461987507,11836.229452998386,11114.288100648051,12854.328029353974
346,11949.338316221236,12517.700039825437,12248.946779675483,12765.260112799437,11826.425012957832,11133.29871258227,12870.131366106385
347,12017.982926330566,12615.583170280455,12304.196779675485,12826.997650870264,11880.638991542151,11208.55376761434,12971.387898621571
348,12083.124880981442,12672.267681503296,12325.756779675485,12872.860571338715,11940.050151607273,11272.512711017258,13048.02894137616
349,12103.381489591598,12702.694080629348,12391.346779675487,12951.583097514982,11945.062780624454,11256.796120862493,13070.863333188317
350,12123.35691853523,12729.06077014923,12473.286779675485,12986.420384689896,11951.77094734612,11307.38586745446,13112.749758202333
351,12152.29262447357,12792.321461477277,12448.816779675484,13001.26999654266,12005.5338946768,11348.734430599672,13204.38995892061
352,12159.542243642807,12762.591477489468,12460.506779675485,12975.451763554092,12015.53176788169,11323.060878367363,13203.109177003762
353,12167.652272701265,12727.42102610588,12355.506779675481,12940.325242494444,12013.734325245292,11283.533252394214,13181.91669679304
354,12200.977663488387,12719.147681598664,12254.296779675486,12942.634522017193,12030.404868569849,11321.364864715388,13186.623568559444
355,12231.166302070618,12813.835675811764,12383.176779675485,12989.881397225214,12110.164636211426,11339.222047324565,13308.75819440781
356,12306.625727415085,12847.388815813065,12404.196779675485,13015.499138251795,12162.436024742025,11343.103472763463,13351.371797472824
357,12302.796143474578,12836.52547053337,12404.466779675487,12944.989698484045,12157.044083846708,11353.669121668207,13319.967221674282
358,12295.076651334763,12821.082384796138,12413.036779675484,12883.07690285842,12136.457098029192,11318.249456694737,13292.536024560426
359,12307.277069044112,12852.637812757492,12461.696779675483,12823.20562753842,12166.933598653086,11278.944188321173,13366.902891063835
360,12318.454937295912,12835.283903055188,12501.566779675484,12746.003736911498,12153.160147208227,11336.476301493432,13327.496296863274
361,12407.40768098831,12917.810082569122,12568.156779675484,12931.053472955235,12189.199720885636,11354.583086340592,13367.988113376923
362,12431.60857544899,12903.478624238965,12510.536779675485,12916.716263726288,12179.592690572323,11385.294452963934,13310.314988544746
363,12482.068431520463,12939.682001962661,12586.906779675483,12805.176217815737,12224.568544529873,11371.015044071391,13358.31778996389
364,12483.393526554106,12986.181077060697,12608.966779675484,12810.63508477145,12237.630663140722,11318.688030676856,13413.39820609286
365,12502.606610383988,13011.942047300337,12548.766779675481,12807.212682103376,12239.553103546232,11312.011056229934,13433.432933270049
366,12564.429937925339,13039.674196720121,12536.646779675484,12780.668655315425,12251.201656349422,11358.233790855571,13486.995838950543
367,12629.306969699857,13121.927358274459,12685.376779675482,12919.933761483031,12326.411060205486,11370.026401236744,13590.27889661615
368,12593.486680526736,13100.879303750991,12650.116779675483,12987.976986940957,12310.148408367475,11311.99326755853,13575.708586501481
369,12580.310281858443,13089.801810445784,12576.246779675485,13078.119698617389,12297.417074096065,11231.350142245083,13597.381575328773
370,12587.398655929566,13106.873159055709,12545.566779675486,13147.926154601138,12287.655793396803,11239.47552320206,13624.565550057907
371,12648.230912370682,13094.96615944862,12521.466779675486,13165.319856901477,12305.585982319033,11215.03589865947,13637.467038475503
372,12612.990668668746,13073.895797042847,12567.596779675483,13140.142410293529,12332.4804995598,11242.72098835343,13612.754473354273
373,12518.668745975494,13041.147616624829,12526.136779675484,13079.649045351904,12279.649355498992,11177.993833897055,13549.002115035786
374,12553.77431493759,13101.571834888457,12620.766779675485,13087.835440779781,12362.197294129255,11258.357608129769,13614.574218942404
375,12439.117002248764,13007.120063953398,12594.266779675485,12968.67211135165,12270.589890319325,11135.879835467726,13504.68399541837
376,12508.64140856743,13035.317205162046,12575.366779675483,12973.817427494683,12294.8964338624,11153.780688350962,13540.439552752865
377,12591.09382165909,13104.739221162796,12701.856779675485,13014.908101062781,12357.59052676185,11213.412753656521,13624.520186805343
378,12604.588170728684,13141.25211475372,12723.336779675485,13017.116662852177,12330.310507749085,11207.668755655375,13668.540572383126
379,12516.373381528852,13060.790170574186,12646.396779675484,12847.636042480179,12240.935503090335,11075.838947711978,13574.371825202394
380,12571.525105934143,13095.449053955075,12685.666779675485,12887.018372536608,12281.622921072925,11137.428360365719,13628.398888491738
381,12578.845134677886,13048.43447195053,12672.696779675485,12861.00103220881,12256.639697767765,11129.59637794965,13600.622351750819
382,12574.636205358505,13050.978152685166,12676.746779675485,12818.188395010393,12249.113806708503,11145.184971306711,13577.907119712048
383,12652.836378355025,13115.93014950752,12743.086779675485,12881.934268821336,12307.874512652706,11213.221577396633,13651.298368867205
384,12648.32155133247,13115.768540773388,12796.076779675484,12881.865668365814,12353.720058864106,11203.913913813769,13655.695009750965
385,12710.419710521695,13177.6440281105,12799.476779675482,12910.083416033694,12394.751237999324,11276.294358856618,13712.439641102004
386,12692.650561141969,13165.548652095797,12797.276779675483,12848.356968077354,12386.193312333777,11204.970070000827,13713.401441112648
387,12708.86688791275,13157.228721570968,12721.376779675486,12812.49394054436,12377.994980154866,11244.70683433795,13715.667904338321
388,12782.115189933776,13239.832557516096,12759.856779675483,12856.758562648136,12383.3570023708,10993.053555560502,13798.240470168363
389,12819.912026929853,13215.362124376294,12756.306779675484,12884.157132025723,12371.675270958107,11018.597964174536,13785.373273009023
390,12779.49299158096,13191.733587608336,12690.256779675483,12877.91950227159,12344.50248509846,10980.984220606924,13793.304163568268
391,12717.837445774077,13150.982581520077,12635.686779675483,12847.678418131647,12300.997958290549,10908.585866383402,13737.317766666009
392,12641.786972017286,13266.935360183714,12806.166779675485,12785.937625643639,12353.815104620558,10967.515324019281,13804.473023518356
393,12774.01791202545,13442.744925527571,12777.466779675484,12693.148040469317,12315.454220701879,10939.512601228145,13900.520889349558
394,12875.635748958588,13570.983581752775,12739.726779675482,12883.252426918922,12310.981495194053,10962.936407637686,13970.720723962419
395,12896.524391202925,13590.44528432846,12780.296779675484,12933.443183299629,12354.888608725974,10978.502527539596,14007.383146418038
396,12944.759252042768,13649.85060712814,12812.416779675486,12912.857606569703,12401.21771440844,11013.349820478274,14065.489858830088
397,12990.244218597412,13638.865616445539,12875.636779675484,12939.96538275617,12438.725039039564,11132.158761789515,14083.709984200937
398,12987.093914499283,13632.613875885005,12950.816779675484,12946.8499367823,12455.672703478647,11138.519796770675,14113.157371425566
399,13010.374976606367,13671.637860727309,12871.416779675485,12972.20536670762,12502.99928211176,11124.397262240067,14145.965043762622
400,13023.560643262863,13689.12435905456,12981.316779675484,12941.139637598424,12519.766785689288,11115.652508022798,14171.874533385786
401,13037.122299633025,13733.6114896965,13063.656779675484,12840.347220643265,12530.800255565897,11067.759045676456,14216.050261426833
402,13002.088323888776,13706.291283388135,13052.986779675484,12768.458349105518,12508.904173116394,11018.74148133309,14211.263662769561
403,12988.042727994918,13692.720850448606,13062.106779675483,12763.324092399616,12518.059938422208,11029.315104375793,14212.469706630116
404,12903.208522586821,13577.251906480788,12894.656779675486,12688.685574038913,12440.16795109832,10982.169326486006,14091.295398086362
405,12904.257252101894,13588.541616306304,12884.526779675487,12709.142565592218,12438.20918712909,10947.489896885767,14110.110917620412
406,12983.011742734909,13648.779283685682,12987.766779675485,12765.755217167578,12503.33917571481,11009.850636666133,14189.170851095154
407,12986.876682014466,13638.529963245392,13034.276779675483,12720.408265501848,12539.336239189834,10964.77066180916,14192.738160568984
408,12976.58683400154,13645.005485563275,13005.166779675483,12798.47254720262,12580.944448076703,10948.216953936086,14224.147888307114
409,12818.941532440183,13495.560313129425,12836.466779675484,12615.173234336144,12442.393762941205,10795.07539008172,14071.075699098414
410,12772.432605323787,13457.322224121091,12835.066779675484,12556.992893676377,12387.943255680995,10739.065294585911,13983.548919165194
411,12784.108029327392,13504.735301113125,12827.506779675483,12609.635967239952,12424.177965394601,10747.478020339251,14037.63667091397
412,12896.618804388048,13645.386601753231,12947.676779675485,12680.160783130292,12511.990459356019,10756.416909258009,14138.971651652244
413,12808.243395452497,13569.032975091932,12910.386779675484,12682.333263780836,12475.50125324183,10797.131050651164,14089.769817422224
414,12819.637668428419,13560.007503013609,12901.676779675485,12695.422525306856,12451.942794727245,10837.559524918212,14063.885859452947
415,12804.914616060258,13550.877122344968,12914.646779675484,12724.804211216184,12470.040994985986,10875.70687044443,14101.85556085734
416,12815.066799049377,13579.609686107631,12900.256779675483,12773.936670598752,12471.227428887549,10821.40025748597,14133.662102271799
417,12835.117721796034,13626.422097978591,12901.506779675485,12842.16012062109,12508.19716498916,10854.722372220322,14132.94053659661
418,12841.087542505265,13612.407110910413,12940.416779675483,12864.11528379715,12523.838042872687,10845.652172046168,14133.681530174552
419,12900.941407680511,13660.361008062362,12999.936779675485,12963.276505618533,12561.456484302103,10882.258574952348,14206.56064630991
420,12906.849290294647,13692.437103538514,13046.496779675485,12913.975932294195,12546.835450211285,10936.57003913598,14237.135386396874
421,12788.645412435531,13658.651221981047,12844.666779675485,12703.249457833084,12457.432714988689,10894.128389198499,14187.669399101167
422,12842.334873590467,13698.410393953318,12888.546779675486,12720.267942885523,12510.962024924112,11020.315808896434,14230.985273377855
423,12896.38806209564,13749.677195615766,12844.156779675484,12765.216129908176,12548.599167548855,10963.45904998274,14237.65578989384
424,12891.079721984861,13752.144941263197,12810.136779675486,12743.479857446318,12517.912287568703,10899.810087049766,14217.869233983
425,13081.066069984437,13865.23318775177,13017.056779675484,12870.73966685525,12677.33911902557,11072.925151469874,14352.63714298492
426,13117.83093158722,13893.890321702956,13064.016779675485,12930.22212861127,12700.66622326634,11143.228718403145,14359.53485890646
427,13158.438393421175,13909.89642408371,13098.546779675484,12944.405037479613,12709.750828108496,11195.667340023083,14375.677624542419
428,13251.167735033036,13972.78753644943,13094.366779675482,13100.944008665598,12722.443663535889,11187.157305051698,14371.920920319273
429,13321.99739862442,14029.847228097913,13108.636779675484,13114.116697447513,12777.916252087496,11216.81901771271,14395.58355628356
430,13385.28591491699,14107.681336164473,13166.536779675484,13091.428348466296,12803.325468908315,11211.424123517438,14404.653310363494
431,13411.431159467695,14093.693806314464,13228.826779675484,13119.940611087151,12809.649343603221,11242.879371419636,14414.034985596243
432,13390.783881139756,14136.490962915419,13213.386779675484,13106.218750191398,12751.221439579493,11283.672844496756,14444.1309413333
433,13346.123346433638,14091.832690992353,13173.846779675485,13078.204008613255,12702.75815405761,11265.742557714075,14382.785567606581
434,13351.590160312651,14059.611465587612,13152.136779675484,13036.272682832152,12684.782173476044,11272.085359605713,14360.68434470268
435,13337.494126634596,14045.158071966169,13105.766779675481,13036.591057233725,12675.03877669948,11308.49122626768,14335.242174860248
436,13315.148098449705,14039.020858764647,13078.916779675483,12988.640542031742,12703.894109460738,11357.246180989308,14345.654261849944
437,13283.448828296661,14053.793031826017,13150.206779675484,13028.02023083373,12707.731349275773,11318.112444798888,14358.193273723615
438,13284.629855690002,14083.000456943508,13196.036779675485,12971.100835778348,12731.501111455531,11350.14963066162,14413.930027342745
439,13297.920387535094,14082.172477760314,13231.486779675486,12942.223074672827,12742.297823303426,11352.314104028956,14434.219491708702
440,13408.334474372865,14163.745216989517,13320.676779675485,13043.991668551724,12835.603346863732,11508.10941048333,14516.565106754137
441,13444.627905340194,14217.232856550216,13375.476779675486,13032.940327356653,12902.97608421645,11555.640794649587,14590.788449166163
442,13477.522376651767,14256.153324689862,13339.396779675484,13062.643695438534,12913.813125780252,11541.31471140021,14590.38486189651
443,13542.013467531206,14281.25159962654,13488.706779675484,13077.301724860601,12940.260749323339,11579.856814590483,14621.950196676804
444,13533.033663625714,14275.343704214096,13466.456779675484,13065.61019309559,12887.469640663296,11557.376518017962,14611.643686136365
445,13537.822930107117,14266.586916999815,13426.276779675485,13050.559221309191,12878.549960153574,11618.753222314206,14591.526706244094
446,13578.709299907683,14331.781728744507,13452.976779675484,13061.60621072012,12908.542763301197,11655.28848679719,14615.531218171553
447,13610.063695192337,14390.033973779678,13509.626779675484,12963.913399338637,12927.260189729042,11592.180024701445,14642.54158229899
448,13620.958353376387,14379.623918876647,13461.596779675485,12989.34881589615,12928.194535307763,11556.609330164283,14600.03709282212
449,13621.894099102023,14371.675316295621,13473.586779675485,12929.963376717707,12944.495829780633,11606.325999865137,14631.268005366523
450,13651.830455818175,14387.235269393917,13578.056779675484,12936.989022834085,12947.886122679458,11622.037776693081,14649.136711184636
451,13699.532385845183,14523.097719564435,13538.246779675483,12935.080204785065,13016.473609930157,11615.257436715192,14725.658119723472
452,13703.094549207692,14564.66525012016,13604.396779675486,12969.60673472735,13043.33611872607,12098.148728296956,14808.74544710493
453,13728.304515609741,14548.548748941419,13554.096779675485,13012.330162734936,13029.863322037618,12132.432826598117,14777.431629109244
454,13818.424969758988,14653.73221349716,13638.636779675484,13078.552337086416,13104.75495134174,12217.10836300587,14843.811342779456
455,13820.233447360994,14652.945720024109,13582.936779675483,13015.098940065007,13112.181604993651,12168.510690923533,14824.649527216907
456,13986.649140844347,14760.050126810072,13654.416779675485,12956.952272090772,13310.700328074048,12047.479766880922,14857.59533084533
457,13950.598156909942,14663.106839361188,13598.586779675483,12841.411834176193,13352.853399342439,11943.094497263257,14807.752104677504
458,13948.482264118195,14709.601456413267,13652.916779675485,12815.982231959877,13333.066448819865,11996.161902112937,14885.211393471876
459,13922.73905172348,14660.563795146942,13652.626779675486,12307.090921335992,13395.91038599628,12249.436314555085,14942.951925469408
460,13820.693884868624,14518.773073911667,13658.636779675484,11852.881476533832,13319.218530624592,12282.255890694982,14854.595954080394
461,13808.793190555572,14504.20837842941,13721.436779675485,11900.489200628204,13339.218511211637,12406.175869978197,14904.369141890931
462,13864.214087314605,14539.620755252834,13746.686779675485,11949.543732225084,13404.663853839698,12535.08026406867,14956.656467338364
463,13912.366639442442,14575.863662490841,13803.056779675484,11975.002562907403,13436.166372614975,12543.468436193145,14978.614999009314
464,13900.812677431102,14619.217138481137,13810.896779675484,12061.24161749053,13451.57630988949,12400.07687014518,14982.39263897153
465,13903.911873874666,14624.010807819364,13814.436779675483,12009.552162434375,13397.892388694943,12426.24863507656,14940.083194614543
466,13904.287511339186,14640.500046539304,13769.186779675483,11986.723863659568,13437.731758724643,12462.296677498647,14958.814748309864
467,13921.918638534546,14646.15600496292,13796.286779675484,12107.64362195569,13460.157586033445,12462.489085161515,14972.330204641956
468,13861.118279323577,14587.441023006439,13736.306779675484,12009.496210288618,13398.825890514074,12380.784191657878,14921.99238761228
469,13798.275414533613,14555.670328960417,13698.936779675483,11902.54318422622,13401.435460966273,12263.074087850875,14907.40929070058
470,13836.217439098358,14608.716506481169,13730.776779675487,11822.589077996676,13429.099622133419,12251.819397500356,14940.247533147125
471,13808.853851737975,14609.160665702819,13644.066779675486,11843.181825694508,13449.467774302702,12279.523998874662,14936.448142520736
472,13776.130416002272,14508.537734031675,13609.436779675483,11772.73813290364,13340.509499887197,12160.338303887707,14837.435085696872
473,13841.248567199706,14685.11301727295,13672.376779675484,11837.456096441809,13601.4130603917,12250.43174573192,15038.559868116037
474,13806.074820680617,14609.956389331815,13605.826779675484,11804.058859559065,13523.802901408795,12133.739370025336,14952.135865526567
475,13856.9828252697,14669.498140974043,13616.896779675484,11664.29904814861,13556.622144349689,12186.223878055787,14991.930256902162
476,13945.422533884048,14755.129220457076,13684.826779675484,11710.236825206195,13640.734810871789,12280.49033953128,15069.117826898
477,13870.514357013702,14701.429390296935,13668.226779675484,11719.685880533818,13603.230800408894,12246.62911076141,15034.498460630359
478,13901.587204036714,14732.291306114194,13668.956779675484,11721.090456413242,13585.393851669794,12258.202983086534,15041.72279013634
479,13921.339816761014,14747.116412229536,13621.076779675486,11755.942029370284,13592.908709384119,12225.800123538129,15041.447746766882
480,14072.242339439394,14934.26615017891,13814.006779675485,11846.975469623125,13741.504932194694,12297.936651599868,15219.016557384688
481,14139.248572206498,15055.120776948928,13849.126779675486,11925.068599179302,13761.28294514504,12257.548019866992,15300.95309053173
482,14306.980848169327,15257.123420886994,14023.896779675482,12010.071769071286,13907.327815447028,12390.982116284606,15499.652521997392
483,14255.817238588332,15227.824460515974,14048.416779675485,12064.244652676349,13883.356869555846,12397.516871677426,15495.376122972946
484,14305.207027416229,15308.302031869885,14098.826779675484,12107.93075699306,13883.49814165712,12441.27198495464,15575.228135358306
485,14241.257042713165,15221.984465217587,14061.686779675485,12044.931366455472,13823.063394768713,12280.579326065084,15476.27971695962
486,14252.883562278746,15202.510155439373,14018.286779675482,11872.944714984214,13812.723223779954,12236.6577107639,15447.993528247067
487,14284.476137762069,15256.163604621885,14023.196779675483,11956.158388909465,13759.851751582146,12165.5019089069,15463.766183982652
488,14350.019666814802,15392.59822809219,14076.906779675484,12079.648980491822,13804.427892724078,12264.748937134013,15570.316325927617
489,14385.30678706169,15366.60390018463,14120.476779675484,12211.03233337707,13883.12129509826,12325.89135732317,15605.034596101794
490,14442.596676712035,15455.4274475193,14232.466779675482,12333.675005838339,13875.5512528889,12342.56432515943,15719.065351049754
491,14510.865119132995,15572.305327243803,14201.146779675486,12324.472983879808,13893.904236465438,12241.822347511998,15776.914223271619
492,14467.25800723076,15482.037110729216,14153.786779675482,12177.396720439558,13827.724459483945,12215.239794284118,15739.208750681215
493,14546.092588748934,15537.81066772461,14259.736779675486,12274.000142339533,13973.986982577488,12318.043241029844,15857.133436707418
494,14593.508442993167,15627.829198055268,14355.496779675485,12300.370441504781,14079.191067188685,12539.684680023878,15965.251877001647
495,14586.019161195754,15650.519974737166,14268.536779675485,12297.093602808181,14056.369603373636,12614.402274441954,15913.266815667917
496,14568.794986677169,15682.916771135331,14228.756779675483,12285.21736885029,14045.689020794935,12665.73646305529,15893.940358791566
497,14591.1625673008,15707.305190639494,14376.926779675483,12365.522859384218,14038.047582215599,12550.806565445042,15956.394425290675
498,14568.382005014419,15691.086651782987,14337.526779675483,12332.424513886226,14035.583334539131,12580.175963439211,15931.389227254533
499,14576.90666124344,15726.697473897933,14276.946779675483,12328.977444856864,14022.225588837662,12536.240146293878,15907.700540590344
500,14585.721309671402,15751.237905626294,14272.506779675483,12339.809323600482,14037.391202147364,12547.471046882507,15894.669434554282
501,14597.748350019452,15799.45524013519,14301.616779675487,12391.290285804671,14065.282106029435,12594.797978825995,15928.749805322588
502,14536.96754711151,15711.137088365555,14217.326779675483,12319.793366188882,14001.281503680433,12557.378897645596,15847.229400104397
503,14614.844888916015,15729.769779558179,14309.026779675483,12347.656251766259,14083.910814756759,12699.476995841016,15904.69628077197
504,14669.815458688738,15826.062580509182,14310.896779675482,12364.56990018758,14105.701926427882,12687.666165719009,15912.454275676238
505,14727.15455397606,15892.574222946167,14408.506779675487,12499.94995792354,14088.030997853697,12689.83757419867,15961.704563354471
506,14889.129834537503,16117.513440437317,14431.846779675487,12512.82736167478,14206.57472040082,12762.436268750778,16023.416366296575
507,14911.096527538299,16153.506114606856,14376.856779675483,12485.377881160108,14213.828439585217,12810.217348559065,16014.010899306591
508,15001.771118268964,16273.251599178315,14428.636779675484,12518.40012143272,14173.057553354807,12687.822372585884,15988.35629279166
509,15004.863342151639,16251.18855652809,14450.776779675487,12600.182014226046,14148.057221995563,12584.013834938829,15944.500227712499
510,15167.83562552452,16438.847747526164,14536.076779675483,12661.56562253068,14215.64996250379,12725.384856552271,16019.11168337952
511,15335.59321834564,16643.256850414273,14634.566779675484,12847.710504834606,14303.827063540917,12682.501598877361,16082.369682001585
512,15326.969418296814,16720.204475603103,14632.696779675482,13267.802268010926,14281.865002795448,12688.928231986103,16081.119405791567
513,15577.354332780835,17017.81565829277,14641.766779675483,13286.315285066245,14447.011246517217,13010.888040861055,16226.214883451128
514,15439.362024717331,16931.187110815048,14587.546779675484,13158.218920070036,14434.102301469698,13031.395388914287,16163.431828203053
515,15484.135704126356,16967.606622409818,14656.806779675486,13209.109904068213,14464.083965003032,12829.734400242693,16222.22922159761
516,15549.840665512085,17066.541823549273,14773.576779675486,13222.612161730556,14554.242499053877,12958.584323634743,16341.098850759512
517,15409.645094661713,16951.32194937706,14660.716779675484,13294.43121677513,14534.142855968183,13113.535511273232,16261.992507651346
518,15431.680785503388,16946.236028318403,14744.726779675484,13214.704964838054,14518.955936991691,13027.031368344255,16258.841744330171
519,15584.770608615874,17072.573022403718,14787.516779675487,13246.901228161854,14547.177198625046,13005.017902597872,16293.49310745407
520,15772.768693876265,17156.01757399559,14842.166779675483,13372.34289230424,14746.536189941082,13627.360954480184,16477.055645194472
521,15639.036067914962,17014.222923421858,14793.836779675485,13261.451601570649,14696.630584224356,13585.23478375798,16384.353812830304
522,15438.784181089399,16775.622502841947,14583.086779675483,13096.899076026706,14511.647379150547,13288.413827448314,16221.99869289788
523,15513.805446071623,16840.943118209838,14532.386779675484,12912.29856666903,14493.819158816475,13210.698230631142,16172.639369304141
524,15525.744637336733,16892.229266510007,14626.616779675483,13008.398551807057,14474.367900710895,13114.574500823857,16139.199683572471
525,15162.44369482994,16497.568190841674,14139.956779675484,12698.651229277355,14135.462617299938,12760.007355618009,15771.136297928788
526,14395.89223753929,15665.311134386064,13551.436779675483,12191.514205800398,13524.937025057512,12255.004496385245,15181.79676097521
527,14707.202578830718,16015.225232839584,13943.696779675483,12147.076944998158,13792.723030468036,12443.04918208895,15476.409177902036
528,14710.409861459731,16077.89385356903,13855.416779675486,12216.349563335878,13793.741983670327,12408.661572071329,15451.35389802402
529,14117.365370779036,15417.177538919446,13324.486779675486,11911.751561389814,13284.444961035177,11855.910340471615,14829.009411558707
530,14334.51852452278,15609.934274768828,13517.186779675485,11926.734361105664,13410.606205079823,12073.479720668622,15029.151546252724
531,14585.009800472259,15863.004020843504,13771.756779675483,12077.579512802611,13649.019729644515,12256.41590756254,15287.825618903242
532,14595.942032032013,15891.776693439482,13796.236779675484,11982.192293350201,13663.361171230943,12195.497025139084,15309.991021605578
533,14689.290477266311,16008.603144540784,13956.356779675485,11997.902266631823,13798.888372955143,12451.406980343512,15462.984922363958
534,14913.34671255112,16202.348552742003,14134.936779675483,12226.101971091879,13998.465877837356,12573.00426246905,15694.315257973763
535,14942.860540351869,16246.515205039977,14114.626779675486,12270.335538067771,14035.73330919937,12544.739251383744,15690.719162044232
536,14835.193078937527,16011.124375009536,14012.796779675484,12009.379598029656,13767.225994477409,12566.805186704485,15495.362097851063
537,14711.094266052247,15878.536016139982,13953.656779675484,11954.96696050952,13651.035589538711,12457.520040178946,15370.103888799336
538,14810.238528776168,16023.432052459715,13979.496779675486,12016.604864968907,13712.449858413587,12423.334805724411,15482.102029404889
539,15001.096116580966,16214.710168504715,14227.516779675481,12089.351524066875,13883.348995421387,12749.181539951203,15694.785025092146
540,15266.888061714175,16403.465672330858,14411.696779675483,12333.067008677972,14110.018595723704,13042.927083503022,15937.098241209964
541,15134.231734552384,16252.571968564986,14241.166779675486,12087.038824900637,13918.62203655765,13025.15839791016,15753.200124723888
542,14911.543309926987,15958.912855815886,14020.976779675486,11991.221366414231,13721.20762210245,12909.981825404702,15504.419114881197
543,14639.288736181257,15663.513503589627,13800.366779675485,11837.039261504666,13537.739348558973,12669.422103793413,15287.696813426057
544,14630.159208869934,15610.685543022155,13777.466779675484,11935.213257917118,13562.516879596438,12810.759285315662,15309.439553233427
545,14805.442147159574,15867.289479513165,13959.066779675484,11990.96336609165,13723.004983811552,13001.72818697573,15481.306623785016
546,14776.577255620956,15796.976987361908,14004.036779675484,11970.317297444595,13696.627611397906,13056.711857838534,15528.120686037748
547,14760.699049501422,15693.940023164747,13963.826779675483,11978.612892247242,13662.170975521847,13212.65692917162,15472.319158417435
548,14848.963819532397,15752.050098342894,14065.386779675484,12040.07625733132,13692.532720642379,13066.994817727373,15552.674006488329
549,15128.127122612,15990.01241226196,14343.396779675486,12168.718791914089,13918.86690115447,13372.051756400366,15825.70773981617
550,14998.246290206906,15782.707252092361,14350.436779675485,12148.548175202384,13851.253937134808,13337.083236110186,15727.417223538778
551,14891.119123430251,15744.221037998197,14231.626779675484,12123.055713833557,13756.582623829123,13321.824676254444,15636.394767304017
552,14689.887041149139,15548.84058210373,14063.496779675485,12013.875732956945,13662.090357032295,13271.55387264499,15528.728270184649
553,14718.498052015308,15640.860072450634,14124.456779675484,12077.412649923346,13666.426669488763,13228.277791778497,15533.139025360246
554,14760.172226886749,15702.215049123763,14159.646779675486,12121.96869341501,13738.235065310475,13290.120223181373,15587.99050325856
555,14570.988095893857,15517.342789239881,13935.326779675484,11929.989811673538,13547.063506810226,13123.13787379933,15403.467079066786
556,14663.7788924408,15636.503781175608,13958.606779675483,11929.827881456475,13566.845860185278,13153.489691125653,15450.316014913324
557,14698.821175746918,15614.144795970913,13920.676779675488,11931.640639010762,13526.90263971501,13178.400188031696,15417.596928758363
558,14190.427712421415,15094.878700790403,13552.586779675483,11755.842691095359,13216.920512755503,12892.801779801377,15026.233684443556
559,13956.285229902267,14916.89872246742,13274.106779675483,11605.95670543538,12993.608995454262,12596.941847489637,14775.442420004589
560,14318.830014247895,15279.467137346264,13663.106779675483,11819.665127932836,13362.94342287057,13130.321762430234,15211.227579071934
561,14112.177241306304,15110.671821937562,13449.516779675483,11729.992412502637,13188.766687639887,12928.781663062215,15060.601913081573
562,14060.554883222578,15118.33017082214,13458.336779675486,11903.764574238467,13210.798896955725,12767.91872787745,15031.17927450825
563,14296.520119590761,15277.981581096648,13556.496779675485,11857.285586546424,13364.051711053262,13095.925574969553,15210.003855031222
564,13930.949888544083,14998.156715326308,13342.306779675484,11605.846257016963,12988.197402739534,12593.040787275486,14875.704706219241
565,14231.207804250716,15304.370794181821,13560.316779675484,11781.092111879796,13160.527696894194,12705.897425863608,15078.335771203989
566,14314.526668653489,15407.73872414589,13711.786779675484,11874.101316999117,13282.998315438559,12898.707265720532,15251.380013909844
567,14483.510986633299,15582.940800209044,13854.176779675485,11892.644837953676,13351.555555531744,12955.453322816506,15355.756299153032
568,14129.02037452698,15213.865233078002,13557.046779675486,11632.10431552625,13083.12716125679,12625.328233625194,15008.660907028881
569,14186.391099538803,15215.10342838287,13645.536779675484,12030.376291366672,13112.440699012048,12789.549316659919,15030.526064970381
570,14490.253971042632,15518.665807075498,13858.316779675484,12124.279024806972,13304.823539922709,13116.23329268416,15284.46024622692
571,14349.296131381989,15343.065325231551,13752.086779675485,12070.025868808196,13222.642845081622,13094.494049886365,15191.430784866392
572,14562.809015903473,15543.9609458065,13923.916779675486,12170.787325826816,13353.482961852147,13382.677468911275,15380.801550863236
573,14455.080954589846,15455.192886381148,13846.716779675484,12226.547582182822,13307.133369270554,13243.490013250648,15321.464343038204
574,14570.213669977189,15634.616011514661,13931.336779675483,12466.30414321611,13403.28384659131,13359.938407915024,15422.752645220276
575,14679.304473838807,15788.469894800186,13908.886779675484,12588.453590270112,13538.667862615783,13606.084585925166,15556.525079657958
576,14683.554979743956,15842.715162467955,13899.466779675484,12547.670915680843,13521.044330239942,13148.958982322118,15451.435486401706
577,14626.054993991853,15793.447290029524,13892.796779675482,12470.281278535269,13613.063481543279,12941.215790830867,15295.27572981007
578,14535.058730793,15701.075649995804,13716.966779675487,12461.307230442193,13455.936592064749,12742.166245684897,15129.504285647481
579,14541.116728076933,15720.141562309263,13643.226779675484,12669.242395017938,13434.20276954369,12742.15669069392,15137.958502814066
580,14212.687182836531,15474.169925613403,13483.606779675485,12590.351740792024,13403.93275295106,12762.491190787716,14955.812269846774
581,14301.723734493258,15655.582131261825,13416.956779675484,12542.27783236431,13373.610772958742,12780.384813220886,14926.30481976866
582,14385.029888267518,15819.835486640928,13521.876779675486,12550.284836973518,13540.850469575249,13003.416068022561,15071.21107489278
583,14386.517446012498,15771.574366416928,13515.086779675483,12548.792724456693,13542.385611770998,12954.030752636358,15085.817722095244
584,14191.072985725401,15606.334183406829,13547.476779675486,12426.198336115303,13451.89435985136,12760.210158877162,14966.066252610211
585,14156.403149614334,15526.350542650223,13497.346779675483,12288.40408781629,13452.540769904708,12932.801583480772,14940.516728434854
586,14020.096482791902,15366.716593589781,13451.416779675486,12200.102885154638,13299.641238292705,12707.958141478759,14832.305316181464
587,14079.379800043107,15403.265824699401,13418.496779675485,12218.079187426449,13302.780088733129,12680.348950091317,14814.621502908463
588,14235.291091203691,15566.146549491881,13623.266779675481,12326.133172796002,13478.016842757826,12826.709417227225,15012.563055517772
589,14326.524857664106,15610.446907758713,13663.526779675483,12301.280810027189,13457.837149930701,12860.656122614082,15067.35738898701
590,14319.47996889114,15584.8488263607,13694.846779675485,12223.050390011816,13498.301516466112,12880.711537949977,15074.774010252795
591,14515.528327484128,15723.437630634307,13866.036779675485,12429.761313466111,13533.297403160639,12950.575080098823,15171.946827671287
592,14613.854609622957,15852.354256887435,13987.846779675483,12483.50578952959,13633.379220503708,13106.046455369606,15284.30424676573
593,14646.562519254685,15967.722072553632,13994.566779675486,12721.350251827305,13661.364639257854,13071.993487788375,15376.829654276502
594,14679.523166913987,16048.329535713194,13999.686779675483,12726.990072863931,13688.266918966669,13111.059123420357,15437.333198315457
595,14570.29175543785,15900.042659940716,13887.866779675485,12633.663379007736,13592.376292340185,12978.194111299083,15279.811190827928
596,14581.099294490812,15944.796732902525,13913.516779675485,12727.129749413287,13649.534992774586,13096.896714098466,15331.96491521804
597,14552.777390937803,15921.080177879332,13858.656779675484,12618.604692522857,13556.310479191383,13111.11065222399,15314.431987043585
598,14544.207343883514,16014.158100147242,13760.996779675485,12620.227883911663,13450.039853265072,12955.201593742386,15290.109884706291
599,14743.47756204605,16256.547117319104,13840.886779675482,12588.295294926285,13599.401978418819,13116.716411608919,15476.741318443326
600,14604.619828729628,16058.411692256926,13804.206779675484,12562.888043936204,13565.512349890238,13105.592732469602,15390.531379743239
601,14671.49862847328,16122.834555892943,13827.016779675485,12665.440671072723,13554.206450773523,13169.143366403297,15431.631769707848
602,14601.256696453094,16046.590832214353,13746.826779675484,12644.079802020424,13523.334692431774,13085.593815951985,15398.22567827115
603,14535.27152589798,16018.299718780514,13672.546779675482,12631.969160828154,13496.551745440804,13129.551898125517,15401.601307722396
604,14304.909433841707,15780.062627677915,13379.616779675483,12478.736078040833,13337.99532160311,13003.260965339397,15243.415518107091
605,14547.455063495636,16039.756787500379,13539.716779675486,12711.671993565049,13475.411795162496,13125.01724746194,15414.023183812353
606,14402.446234312056,15832.865489072798,13398.926779675485,12647.780906771504,13327.164365756875,13003.404533874937,15251.550653264236
607,14592.294725818632,15992.53751062393,13515.356779675483,12828.388422874223,13452.113099077762,13244.033162967147,15448.947819334362
608,14676.14307100296,16125.004878263473,13587.006779675487,13066.938992149428,13580.893975603443,13267.903713438618,15543.16043103673
609,14666.339246768952,16091.949424772261,13562.706779675485,12968.613570302736,13552.39807139845,13262.691862101,15545.85843021408
610,14901.178403244017,16377.421354751585,13753.246779675483,13082.559854283938,13683.778203366555,13372.595234421338,15717.391346578715
611,14919.646385679243,16413.579970397946,13891.446779675482,13114.040995128202,13697.681456249757,13284.625176673553,15735.176188475958
612,14979.442396736149,16491.863935222624,13881.866779675483,13204.947144044385,13668.939385913693,13231.232307358248,15748.474734275007
613,14946.26955124855,16531.866968240734,13865.256779675483,13168.11067381137,13681.565628798944,13198.343285793275,15748.429274873435
614,14928.753643274307,16535.113426666256,13841.066779675484,13180.74684992422,13669.135049699089,13233.317513164426,15759.467997900809
615,14841.363820953367,16402.636731605526,13813.526779675483,13177.5083802648,13620.327220105482,13221.217923810096,15667.609145851215
616,14797.926776542661,16354.445186281202,13772.446779675487,13012.212940033383,13639.307609956293,13239.969560654705,15666.218994909168
617,14746.59975827217,16293.738803806302,13697.586779675483,13087.24743631986,13598.106821435347,13206.040637417273,15645.213109043763
618,14677.395721921917,16189.569508447645,13674.796779675484,12913.027175598638,13502.134211240085,12953.950579318724,15488.85591829454
619,14489.070733613966,15984.068035755157,13565.346779675483,12894.501865663498,13443.636199011142,12909.10254638556,15371.770081865165
620,14488.381073226928,15982.478076725005,13532.976779675484,12935.030063596489,13440.868755509231,12934.9723835073,15384.526043544944
621,14343.569443616863,15887.401028165816,13453.056779675486,12899.459201072685,13391.06041783224,12744.335834929212,15266.193401855051
622,14427.440895996097,15946.179396162031,13517.946779675483,12976.854657404354,13468.949297791838,12793.587604187778,15359.311256118766
623,14239.35567908287,15760.824404993058,13346.296779675486,12910.999132227718,13417.221987056277,12493.907910968413,15154.974779131722
624,14272.3317520237,15746.006413755413,13389.236779675486,12862.01777161521,13402.70590134238,12389.978441081694,15120.86105641522
625,14187.295618019101,15675.043413286208,13294.636779675484,12716.504026687116,13334.492844037124,12228.58211622556,15016.198797441511
626,14298.01661262512,15735.260143356325,13345.856779675483,12779.670020758816,13362.83708512255,12340.573394533743,15121.673502295977
627,14394.443126888278,15743.535002613065,13310.941779675484,12850.927209155718,13412.37456349599,12372.777185078163,15130.563104252578
628,14368.053156642913,15742.897909450527,13377.126779675484,12809.153481074149,13404.948339531542,12437.207614185863,15198.077282482735
629,14312.823043899534,15690.144744815823,13277.906779675483,12845.365265358565,13336.60869010455,12347.927698499014,15080.23182774092
630,14411.598138713836,15815.26069438934,13361.876779675484,13004.667218816345,13433.385035460675,12581.467412234299,15279.760861843164
631,14466.376916332245,15852.160273809432,13440.496779675483,13107.294605582421,13472.857117685851,12700.233665482452,15361.755214348663
632,14629.543314304352,16067.094939756393,13639.296779675484,13099.727661620816,13588.525982661442,12825.181332060147,15519.891986946337
633,14761.116505956647,16215.937026710508,13672.486779675486,13159.993365084147,13673.393257690264,12874.01183484619,15633.136610677862
634,14557.54819738388,16035.316378784177,13541.446779675483,13070.595738063366,13611.36935295993,12780.09252415543,15451.32246463221
635,14701.858531475065,16180.334955596925,13635.136779675486,13223.593276865806,13732.473246381871,12966.10676893001,15611.330532649983
636,14734.054029550556,16266.177833499907,13597.326779675484,13290.48195130053,13688.064092161048,12940.512289308806,15670.152512831317
637,14780.788035345078,16291.742381801605,13698.756779675483,13243.249471298632,13733.678521827584,12904.678589098952,15632.223025857378
638,14868.558035125732,16326.3001149559,13769.446779675485,13263.489360985783,13775.995332901524,12803.627142926654,15614.431827825923
639,14864.171375932689,16424.613754005433,13754.486779675484,13332.745773632181,13828.614306778993,12843.37704807227,15668.705503435644
640,14755.536506109236,16287.69615056038,13657.566779675482,13238.651952632543,13744.629576890644,13043.852456903061,15612.569385119401
641,14776.924860334395,16257.964671545027,13710.806779675482,13240.004605836895,13729.277841301193,12921.701462601028,15567.314927295867
642,14764.73513161659,16262.094389667507,13783.156779675484,13258.358628353053,13757.070734962868,12942.459045663378,15568.272032527677
643,14926.464845905306,16425.132765617367,13906.406779675483,13427.746141918702,13841.222993195644,12961.086916477134,15677.432514953607
644,15040.508312721251,16461.314600667953,13996.576779675484,13602.681983803537,13932.385241563852,13012.191778595201,15753.630040266175
645,15135.049331207274,16553.899318876265,13986.336779675485,13543.62826424244,13982.624092368455,12999.453380508623,15815.843182605595
646,15090.42110501289,16518.692168388367,14046.566779675484,13457.929616498677,13893.350776165378,12463.07570653667,15632.931417244836
647,14989.049403476714,16408.84483057022,14068.146779675482,13656.011152395185,13815.84910011827,12484.055729794403,15561.849147116756
648,15138.441199254989,16508.054471368785,13997.046779675484,13836.355539207912,13797.508313450373,12494.050650920772,15690.021057982092
649,15039.969007053374,16381.156599397658,14067.096779675485,13788.021378344525,13789.793327218358,12503.680224026493,15685.73689249948
650,14990.242476844789,16363.8887674427,14053.386779675484,13742.27465336357,13884.761822234346,12565.375226715703,15750.390457792275
651,15053.596407470703,16413.886319465637,14114.376779675486,13862.536861184955,13980.644023267836,12779.233204491487,15856.264570079935
652,15062.917718782426,16411.000786666867,14172.666779675486,13915.603253495105,14023.684241212464,12678.907881981037,15887.598422430605
653,15162.631546115876,16526.771135120394,14193.336779675485,13973.30422901024,14079.62121198549,12764.124312393269,15941.089331722802
654,15112.074237298963,16484.953021030422,14185.406779675488,13998.180041151576,14107.889093755417,12781.518450337251,15970.80459359602
655,15031.496579036713,16415.448897914885,14155.056779675484,13890.25126467199,14088.578136358736,12712.317031529747,15940.022113331937
656,14911.81054506302,16298.45514028549,14036.086779675485,13868.244024911528,14000.95562583805,12550.258516744725,15799.981436811935
657,14816.41727907181,16229.77469308853,13953.726779675484,13951.09407545478,13974.473366420561,12430.654961167624,15739.291585988101
658,14842.91975289345,16253.713679466247,14053.736779675484,13933.618995465493,14068.099038482766,12428.61459843715,15781.67016272186
659,14720.108316049575,16129.705546684265,13986.576779675484,14059.397797011145,13996.417349509364,12376.811538658045,15752.131581981206
660,14954.289455270766,16533.261035966872,14151.736779675484,14333.724451640852,14244.768546601894,12414.626967099659,15937.542717850562
661,15024.597089748382,16590.838511342998,14232.466779675486,14385.591285122044,14308.819272783689,12439.86904770901,16034.297479617566
662,15128.904357652664,16689.42293246269,14287.876779675487,14566.018900225172,14315.705176350277,12393.12292227169,16045.815189221992
663,15153.803714523314,16722.42393661499,14323.636779675484,14429.57624439866,14351.817592952055,12495.569858313404,16115.977227329287
664,15108.850549068451,16653.05898930549,14326.416779675486,14374.595668630012,14346.324422435004,12398.193066583925,16006.733152498722
665,15059.550513362885,16601.46077140808,14250.846779675487,14349.964983738591,14311.939297108196,12392.409417807063,15940.853674689877
666,15154.38687218666,16694.63392165184,14274.736779675482,14378.043759466193,14366.120611997181,12499.307929716608,16046.683774326933
667,15280.077022027968,16827.23568867683,14471.086779675485,14416.459153690048,14478.827315030838,12609.320177192141,16186.23069753684
668,15258.5553652668,16812.542479333875,14475.346779675483,14351.596875448382,14532.551341406786,12628.58820715522,16186.944987482018
669,15307.486855602265,16816.020111417773,14510.716779675484,14376.459518196218,14551.863938020382,12689.32714045649,16202.123030044295
670,15228.857909650804,16713.13998988151,14462.476779675484,14314.647809078477,14489.021659550024,12559.217111952652,16119.446728241013
671,15192.253934326169,16668.02049190521,14429.616779675483,14305.967855840108,14498.99223353361,12598.987708897046,16099.689253413986
672,15143.430169076919,16717.707151575087,14434.626779675486,14198.086755129105,14478.640100109233,12510.605833133137,16030.152285711525
673,15202.751321640013,16792.024355258938,14451.076779675486,14307.521309261028,14463.086653098138,12528.213094464369,16132.63801677309
674,15221.226169862748,16883.30806998253,14340.086779675485,14441.641929730258,14444.068864493156,12449.297860086908,16126.71730848448
675,15200.319978055953,16868.80570687294,14318.926779675485,14459.397643117389,14419.442631731006,12315.279607654636,16045.189047777152
676,15162.758357448578,16765.528090486525,14284.266779675485,14471.260236719594,14440.505678066305,12307.643295532525,16069.110976449207
677,15222.128256902695,16871.574224767683,14347.416779675485,14404.419846573328,14450.694428885863,12185.496186932069,16043.234999753642
678,15258.943848285675,16990.178235702515,14292.916779675483,14528.817230103918,14446.082877696761,12192.43341239234,16051.071901224648
679,15348.8161716938,17036.519150047297,14343.876779675484,14713.281137512335,14507.181764221536,12359.50241278435,16159.357627924237
680,15378.834112682342,17055.870697565075,14329.156779675484,14608.921928726366,14504.97541977019,12331.052055524093,16160.804202234936
681,15375.91710977554,17040.274760894776,14241.226779675484,14682.38386793495,14472.681064434362,12299.312309192073,16147.020730428378
682,15514.855955877303,17186.166235485078,14266.286779675485,14707.567995138737,14554.671553880284,12405.51812821175,16268.83286513589
683,15576.474825038911,17304.206467647553,14448.786779675485,14647.570816280964,14611.558700833368,12434.091618744236,16333.238916784625
684,15727.873012523649,17429.06350097656,14581.516779675485,14810.59110256088,14760.98325703225,12653.374782637908,16519.30958321659
685,15821.921862564088,17520.87556564331,14585.886779675484,14880.794409977017,14812.570291973363,12601.042293812287,16557.13046318819
